0,20代
1,20代
2,20代
3,20代
4,30代
5,30代
6,40代
7,20代
8,30代
9,30代
10,30代
11,30代
12,20代
13,30代
14,30代
15,30代
16,30代
17,30代
18,20代
19,30代
20,40代
21,20代
22,40代
23,30代
24,30代
25,30代
26,30代
27,30代
28,30代
29,30代
30,30代
31,30代
32,40代
33,40代
34,20代
35,40代
36,30代
37,40代
38,30代
39,30代
40,30代
41,30代
42,30代
43,20代
44,20代
45,30代
46,30代
47,30代
48,30代
49,30代
50,20代
51,30代
52,30代
53,20代
54,30代
55,20代
56,20代
57,30代
58,40代
59,30代
60,40代
61,30代
62,30代
63,30代
64,30代
65,30代
66,30代
67,30代
68,30代
69,30代
70,30代
71,40代
72,30代
73,30代
74,30代
75,20代
76,30代
77,30代
78,30代
79,20代
80,30代
81,30代
82,30代
83,30代
84,30代
85,30代
86,20代
87,20代
88,30代
89,30代
90,30代
91,20代
92,30代
93,30代
94,30代
95,40代
96,30代
97,40代
98,20代
99,40代
100,20代
101,20代
102,40代
103,20代
104,30代
105,20代
106,30代
107,30代
108,30代
109,30代
110,30代
111,30代
112,30代
113,30代
114,30代
115,30代
116,30代
117,30代
118,40代
119,40代
120,30代
121,20代
122,20代
123,20代
124,40代
125,30代
126,40代
127,20代
128,30代
129,20代
130,20代
131,40代
132,30代
133,30代
134,30代
135,30代
136,20代
137,20代
138,30代
139,40代
140,40代
141,30代
142,30代
143,30代
144,40代
145,30代
146,30代
147,30代
148,40代
149,40代
150,40代
151,40代
152,20代
153,30代
154,30代
155,30代
156,30代
157,30代
158,30代
159,30代
160,30代
161,30代
162,30代
163,30代
164,30代
165,40代
166,30代
167,30代
168,20代
169,20代
170,20代
171,30代
172,30代
173,30代
174,30代
175,30代
176,20代
177,20代
178,40代
179,20代
180,20代
181,40代
182,30代
183,30代
184,30代
185,30代
186,30代
187,30代
188,30代
189,30代
190,30代
191,30代
192,30代
193,40代
194,40代
195,40代
196,30代
197,20代
198,40代
199,20代
200,20代
201,20代
202,30代
203,20代
204,30代
205,30代
206,30代
207,20代
208,30代
209,30代
210,30代
211,30代
212,30代
213,30代
214,20代
215,30代
216,40代
217,40代
218,30代
219,20代
220,30代
221,30代
222,30代
223,30代
224,30代
225,40代
226,30代
227,40代
228,30代
229,40代
230,30代
231,30代
232,40代
233,30代
234,30代
235,30代
236,30代
237,30代
238,40代
239,30代
240,30代
241,30代
242,30代
243,30代
244,30代
245,30代
246,40代
247,30代
248,40代
249,30代
250,30代
251,30代
252,30代
253,30代
254,30代
255,30代
256,30代
257,30代
258,30代
259,30代
260,30代
261,40代
262,30代
263,30代
264,30代
265,20代
266,20代
267,30代
268,30代
269,30代
270,30代
271,30代
272,30代
273,30代
274,30代
275,30代
276,30代
277,30代
278,20代
279,30代
280,30代
281,40代
282,30代
283,30代
284,30代
285,40代
286,30代
287,30代
288,30代
289,20代
290,30代
291,30代
292,20代
293,30代
294,30代
295,30代
296,30代
297,30代
298,30代
299,30代
300,30代
301,40代
302,40代
303,30代
304,30代
305,30代
306,30代
307,20代
308,30代
309,20代
310,20代
311,30代
312,30代
313,30代
314,20代
315,30代
316,20代
317,20代
318,20代
319,30代
320,20代
321,30代
322,30代
323,30代
324,40代
325,20代
326,30代
327,30代
328,30代
329,20代
330,20代
331,30代
332,40代
333,40代
334,30代
335,40代
336,40代
337,30代
338,30代
339,40代
340,30代
341,30代
342,20代
343,30代
344,30代
345,30代
346,30代
347,30代
348,30代
349,30代
350,30代
351,30代
352,30代
353,30代
354,30代
355,30代
356,20代
357,30代
358,20代
359,20代
360,30代
361,30代
362,20代
363,20代
364,30代
365,30代
366,40代
367,30代
368,30代
369,20代
370,30代
371,30代
372,30代
373,30代
374,20代
375,30代
376,30代
377,30代
378,30代
379,20代
380,20代
381,20代
382,40代
383,20代
384,20代
385,30代
386,30代
387,30代
388,20代
389,20代
390,40代
391,30代
392,30代
393,30代
394,40代
395,20代
396,30代
397,30代
398,30代
399,30代
400,20代
401,30代
402,30代
403,30代
404,30代
405,30代
406,30代
407,30代
408,30代
409,30代
410,20代
411,40代
412,40代
413,30代
414,30代
415,20代
416,20代
417,30代
418,30代
419,40代
420,30代
421,30代
422,30代
423,30代
424,20代
425,20代
426,30代
427,30代
428,30代
429,40代
430,30代
431,30代
432,40代
433,40代
434,40代
435,40代
436,40代
437,30代
438,40代
439,30代
440,30代
441,40代
442,40代
443,40代
444,30代
445,30代
446,30代
447,20代
448,30代
449,30代
450,30代
451,30代
452,30代
453,20代
454,30代
455,20代
456,30代
457,30代
458,20代
459,30代
460,30代
461,30代
462,30代
463,30代
464,30代
465,30代
466,30代
467,30代
468,20代
469,30代
470,30代
471,30代
472,30代
473,30代
474,20代
475,20代
476,30代
477,30代
478,40代
479,30代
480,20代
481,20代
482,30代
483,20代
484,30代
485,20代
486,20代
487,40代
488,20代
489,20代
490,30代
491,40代
492,30代
493,30代
494,30代
495,30代
496,20代
497,30代
498,30代
499,40代
500,30代
501,40代
502,40代
503,30代
504,30代
505,20代
506,20代
507,40代
508,20代
509,30代
510,20代
511,20代
512,20代
513,40代
514,30代
515,30代
516,30代
517,30代
518,30代
519,30代
520,20代
521,30代
522,30代
523,30代
524,20代
525,30代
526,20代
527,40代
528,40代
529,30代
530,30代
531,30代
532,30代
533,20代
534,30代
535,30代
536,30代
537,30代
538,20代
539,20代
540,40代
541,30代
542,30代
543,30代
544,40代
545,30代
546,30代
547,30代
548,30代
549,30代
550,30代
551,30代
552,30代
553,40代
554,30代
555,30代
556,30代
557,30代
558,30代
559,30代
560,30代
561,30代
562,30代
563,30代
564,30代
565,20代
566,30代
567,30代
568,30代
569,30代
570,40代
571,20代
572,30代
573,30代
574,20代
575,20代
576,20代
577,40代
578,20代
579,20代
580,30代
581,20代
582,20代
583,30代
584,30代
585,30代
586,20代
587,20代
588,20代
589,30代
590,30代
591,30代
592,30代
593,30代
594,30代
595,40代
596,40代
597,20代
598,20代
599,30代
600,30代
601,30代
602,30代
603,30代
604,30代
605,20代
606,30代
607,40代
608,20代
609,40代
610,40代
611,20代
612,20代
613,30代
614,40代
615,30代
616,30代
617,30代
618,30代
619,30代
620,20代
621,30代
622,30代
623,40代
624,30代
625,20代
626,30代
627,30代
628,30代
629,30代
630,30代
631,30代
632,30代
633,30代
634,40代
635,30代
636,40代
637,20代
638,30代
639,30代
640,30代
641,20代
642,30代
643,40代
644,20代
645,40代
646,20代
647,30代
648,20代
649,20代
650,30代
651,20代
652,30代
653,30代
654,30代
655,20代
656,30代
657,30代
658,30代
659,30代
660,30代
661,40代
662,20代
663,40代
664,30代
665,30代
666,20代
667,30代
668,30代
669,40代
670,30代
671,30代
672,30代
673,30代
674,30代
675,30代
676,30代
677,30代
678,30代
679,30代
680,40代
681,30代
682,40代
683,30代
684,30代
685,30代
686,30代
687,30代
688,30代
689,30代
690,40代
691,30代
692,30代
693,30代
694,30代
695,30代
696,20代
697,30代
698,30代
699,30代
700,30代
701,30代
702,30代
703,20代
704,40代
705,40代
706,40代
707,20代
708,30代
709,30代
710,20代
711,30代
712,30代
713,30代
714,30代
715,20代
716,20代
717,30代
718,30代
719,30代
720,40代
721,30代
722,30代
723,30代
724,30代
725,30代
726,40代
727,30代
728,30代
729,30代
730,30代
731,20代
732,30代
733,20代
734,20代
735,30代
736,30代
737,30代
738,30代
739,30代
740,30代
741,30代
742,30代
743,30代
744,30代
745,20代
746,30代
747,30代
748,30代
749,30代
750,20代
751,30代
752,30代
753,20代
754,30代
755,30代
756,30代
757,30代
758,30代
759,30代
760,30代
761,20代
762,30代
763,40代
764,30代
765,30代
766,30代
767,30代
768,30代
769,30代
770,30代
771,30代
772,30代
773,30代
774,30代
775,30代
776,30代
777,20代
778,20代
779,20代
780,30代
781,30代
782,30代
783,30代
784,20代
785,30代
786,40代
787,40代
788,30代
789,20代
790,20代
791,20代
792,30代
793,20代
794,30代
795,30代
796,30代
797,30代
798,40代
799,20代
800,40代
801,30代
802,40代
803,20代
804,30代
805,40代
806,30代
807,30代
808,20代
809,30代
810,30代
811,20代
812,20代
813,30代
814,30代
815,30代
816,30代
817,30代
818,20代
819,20代
820,30代
821,30代
822,40代
823,40代
824,30代
825,30代
826,30代
827,30代
828,30代
829,30代
830,40代
831,30代
832,20代
833,30代
834,30代
835,30代
836,30代
837,20代
838,30代
839,30代
840,30代
841,30代
842,30代
843,30代
844,30代
845,30代
846,30代
847,30代
848,20代
849,30代
850,30代
851,20代
852,30代
853,30代
854,30代
855,40代
856,30代
857,30代
858,20代
859,30代
860,30代
861,30代
862,40代
863,30代
864,30代
865,20代
866,20代
867,40代
868,20代
869,40代
870,30代
871,30代
872,30代
873,20代
874,30代
875,30代
876,20代
877,30代
878,30代
879,20代
880,30代
881,30代
882,30代
883,30代
884,40代
885,30代
886,20代
887,30代
888,30代
889,40代
890,20代
891,30代
892,20代
893,30代
894,30代
895,40代
896,30代
897,30代
898,30代
899,30代
900,30代
901,30代
902,30代
903,30代
904,30代
905,30代
906,20代
907,30代
908,30代
909,40代
910,30代
911,30代
912,30代
913,20代
914,40代
915,30代
916,20代
917,40代
918,30代
919,20代
920,20代
921,40代
922,30代
923,30代
924,30代
925,30代
926,30代
927,30代
928,40代
929,30代
930,30代
931,30代
932,20代
933,30代
934,30代
935,30代
936,30代
937,30代
938,30代
939,30代
940,20代
941,30代
942,40代
943,20代
944,30代
945,30代
946,30代
947,40代
948,20代
949,40代
950,20代
951,40代
952,30代
953,40代
954,40代
955,30代
956,30代
957,30代
958,30代
959,30代
960,30代
961,30代
962,20代
963,30代
964,30代
965,30代
966,30代
967,30代
968,30代
969,30代
970,30代
971,30代
972,30代
973,20代
974,40代
975,30代
976,20代
977,40代
978,40代
979,40代
980,40代
981,20代
982,30代
983,20代
984,40代
985,30代
986,20代
987,40代
988,30代
989,30代
990,30代
991,30代
992,30代
993,20代
994,40代
995,30代
996,20代
997,30代
998,30代
999,40代
1000,30代
1001,30代
1002,30代
1003,30代
1004,30代
1005,20代
1006,30代
1007,30代
1008,20代
1009,30代
1010,30代
1011,20代
1012,30代
1013,20代
1014,30代
1015,30代
1016,30代
1017,30代
1018,20代
1019,40代
1020,20代
1021,30代
1022,40代
1023,20代
1024,30代
1025,20代
1026,20代
1027,20代
1028,30代
1029,20代
1030,30代
1031,20代
1032,20代
1033,20代
1034,40代
1035,20代
1036,20代
1037,40代
1038,20代
1039,30代
1040,20代
1041,40代
1042,40代
1043,30代
1044,30代
1045,40代
1046,40代
1047,30代
1048,30代
1049,30代
1050,30代
1051,20代
1052,20代
1053,30代
1054,20代
1055,30代
1056,30代
1057,20代
1058,30代
1059,40代
1060,30代
1061,30代
1062,30代
1063,40代
1064,40代
1065,30代
1066,30代
1067,20代
1068,30代
1069,30代
1070,30代
1071,30代
1072,30代
1073,30代
1074,30代
1075,30代
1076,30代
1077,30代
1078,30代
1079,30代
1080,30代
1081,30代
1082,30代
1083,40代
1084,40代
1085,30代
1086,40代
1087,40代
1088,40代
1089,20代
1090,30代
1091,40代
1092,30代
1093,30代
1094,30代
1095,30代
1096,30代
1097,30代
1098,30代
1099,30代
1100,30代
1101,30代
1102,30代
1103,30代
1104,30代
1105,30代
1106,30代
1107,40代
1108,30代
1109,20代
1110,20代
1111,20代
1112,40代
1113,30代
1114,30代
1115,30代
1116,20代
1117,40代
1118,20代
1119,30代
1120,20代
1121,30代
1122,30代
1123,30代
1124,30代
1125,20代
1126,40代
1127,20代
1128,20代
1129,40代
1130,20代
1131,20代
1132,40代
1133,30代
1134,30代
1135,30代
1136,20代
1137,30代
1138,40代
1139,30代
1140,30代
1141,30代
1142,30代
1143,30代
1144,30代
1145,30代
1146,40代
1147,30代
1148,30代
1149,30代
1150,30代
1151,30代
1152,30代
1153,40代
1154,30代
1155,30代
1156,30代
1157,40代
1158,30代
1159,30代
1160,30代
1161,40代
1162,20代
1163,40代
1164,30代
1165,30代
1166,30代
1167,30代
1168,30代
1169,30代
1170,30代
1171,30代
1172,20代
1173,30代
1174,30代
1175,40代
1176,30代
1177,40代
1178,30代
1179,30代
1180,30代
1181,40代
1182,30代
1183,30代
1184,30代
1185,30代
1186,20代
1187,40代
1188,30代
1189,20代
1190,30代
1191,30代
1192,30代
1193,30代
1194,20代
1195,30代
1196,20代
1197,20代
1198,20代
1199,40代
1200,30代
1201,30代
1202,30代
1203,40代
1204,30代
1205,30代
1206,20代
1207,20代
1208,20代
1209,20代
1210,40代
1211,30代
1212,40代
1213,20代
1214,40代
1215,30代
1216,30代
1217,30代
1218,30代
1219,40代
1220,50代
1221,30代
1222,20代
1223,30代
1224,20代
1225,30代
1226,20代
1227,30代
1228,30代
1229,30代
1230,30代
1231,30代
1232,30代
1233,40代
1234,30代
1235,30代
1236,30代
1237,30代
1238,30代
1239,20代
1240,30代
1241,40代
1242,20代
1243,30代
1244,40代
1245,30代
1246,40代
1247,30代
1248,40代
1249,40代
1250,40代
1251,40代
1252,30代
1253,30代
1254,30代
1255,30代
1256,30代
1257,30代
1258,40代
1259,30代
1260,20代
1261,20代
1262,30代
1263,30代
1264,30代
1265,40代
1266,30代
1267,40代
1268,30代
1269,30代
1270,20代
1271,20代
1272,30代
1273,40代
1274,40代
1275,30代
1276,20代
1277,20代
1278,30代
1279,30代
1280,30代
1281,30代
1282,30代
1283,30代
1284,30代
1285,20代
1286,20代
1287,30代
1288,30代
1289,30代
1290,30代
1291,30代
1292,30代
1293,30代
1294,30代
1295,30代
1296,30代
1297,30代
1298,30代
1299,30代
1300,30代
1301,20代
1302,30代
1303,30代
1304,20代
1305,30代
1306,30代
1307,40代
1308,20代
1309,30代
1310,40代
1311,30代
1312,30代
1313,30代
1314,30代
1315,30代
1316,40代
1317,20代
1318,30代
1319,20代
1320,30代
1321,40代
1322,30代
1323,20代
1324,30代
1325,30代
1326,30代
1327,20代
1328,30代
1329,30代
1330,30代
1331,20代
1332,30代
1333,20代
1334,30代
1335,20代
1336,40代
1337,40代
1338,20代
1339,30代
1340,30代
1341,20代
1342,30代
1343,30代
1344,30代
1345,30代
1346,30代
1347,40代
1348,30代
1349,30代
1350,30代
1351,30代
1352,20代
1353,30代
1354,20代
1355,40代
1356,40代
1357,30代
1358,30代
1359,30代
1360,20代
1361,30代
1362,40代
1363,30代
1364,30代
1365,30代
1366,20代
1367,40代
1368,20代
1369,30代
1370,30代
1371,30代
1372,30代
1373,30代
1374,30代
1375,30代
1376,30代
1377,30代
1378,30代
1379,30代
1380,40代
1381,30代
1382,30代
1383,30代
1384,30代
1385,40代
1386,30代
1387,30代
1388,30代
1389,30代
1390,30代
1391,40代
1392,30代
1393,30代
1394,30代
1395,30代
1396,30代
1397,20代
1398,30代
1399,30代
1400,30代
1401,30代
1402,20代
1403,30代
1404,30代
1405,30代
1406,30代
1407,30代
1408,30代
1409,20代
1410,20代
1411,20代
1412,30代
1413,40代
1414,30代
1415,30代
1416,40代
1417,30代
1418,30代
1419,30代
1420,20代
1421,30代
1422,30代
1423,20代
1424,20代
1425,20代
1426,30代
1427,20代
1428,40代
1429,40代
1430,30代
1431,30代
1432,30代
1433,30代
1434,20代
1435,20代
1436,40代
1437,20代
1438,40代
1439,20代
1440,30代
1441,20代
1442,40代
1443,30代
1444,30代
1445,30代
1446,30代
1447,30代
1448,30代
1449,40代
1450,30代
1451,30代
1452,30代
1453,30代
1454,30代
1455,20代
1456,20代
1457,40代
1458,30代
1459,30代
1460,40代
1461,30代
1462,30代
1463,30代
1464,20代
1465,20代
1466,30代
1467,30代
1468,30代
1469,30代
1470,30代
1471,30代
1472,30代
1473,30代
1474,30代
1475,20代
1476,20代
1477,30代
1478,30代
1479,30代
1480,30代
1481,30代
1482,30代
1483,40代
1484,30代
1485,30代
1486,30代
1487,30代
1488,30代
1489,20代
1490,40代
1491,30代
1492,30代
1493,30代
1494,20代
1495,30代
1496,30代
1497,30代
1498,30代
1499,30代
1500,30代
1501,30代
1502,40代
1503,30代
1504,30代
1505,40代
1506,30代
1507,40代
1508,20代
1509,30代
1510,30代
1511,30代
1512,30代
1513,30代
1514,30代
1515,20代
1516,20代
1517,30代
1518,30代
1519,30代
1520,20代
1521,30代
1522,20代
1523,20代
1524,30代
1525,40代
1526,20代
1527,30代
1528,40代
1529,30代
1530,30代
1531,30代
1532,30代
1533,30代
1534,30代
1535,20代
1536,30代
1537,30代
1538,20代
1539,30代
1540,40代
1541,30代
1542,30代
1543,40代
1544,30代
1545,30代
1546,30代
1547,30代
1548,30代
1549,30代
1550,20代
1551,40代
1552,30代
1553,30代
1554,30代
1555,40代
1556,30代
1557,30代
1558,30代
1559,20代
1560,30代
1561,30代
1562,20代
1563,30代
1564,30代
1565,40代
1566,30代
1567,30代
1568,30代
1569,30代
1570,30代
1571,30代
1572,30代
1573,30代
1574,30代
1575,20代
1576,30代
1577,30代
1578,30代
1579,30代
1580,30代
1581,30代
1582,40代
1583,30代
1584,30代
1585,30代
1586,30代
1587,30代
1588,30代
1589,30代
1590,30代
1591,30代
1592,30代
1593,30代
1594,30代
1595,20代
1596,30代
1597,40代
1598,30代
1599,30代
1600,20代
1601,30代
1602,30代
1603,40代
1604,20代
1605,30代
1606,30代
1607,30代
1608,30代
1609,20代
1610,40代
1611,30代
1612,30代
1613,30代
1614,30代
1615,30代
1616,40代
1617,30代
1618,30代
1619,30代
1620,20代
1621,20代
1622,30代
1623,30代
1624,30代
1625,20代
1626,20代
1627,30代
1628,30代
1629,50代
1630,30代
1631,30代
1632,30代
1633,30代
1634,20代
1635,20代
1636,30代
1637,30代
1638,20代
1639,30代
1640,20代
1641,30代
1642,20代
1643,30代
1644,30代
1645,20代
1646,30代
1647,40代
1648,30代
1649,20代
1650,30代
1651,30代
1652,30代
1653,30代
1654,40代
1655,30代
1656,20代
1657,20代
1658,30代
1659,20代
1660,30代
1661,20代
1662,40代
1663,40代
1664,40代
1665,40代
1666,30代
1667,40代
1668,40代
1669,30代
1670,30代
1671,30代
1672,30代
1673,40代
1674,30代
1675,30代
1676,30代
1677,30代
1678,30代
1679,30代
1680,30代
1681,30代
1682,30代
1683,30代
1684,30代
1685,30代
1686,30代
1687,30代
1688,30代
1689,30代
1690,30代
1691,30代
1692,30代
1693,30代
1694,30代
1695,30代
1696,30代
1697,30代
1698,30代
1699,30代
1700,30代
1701,30代
1702,40代
1703,30代
1704,30代
1705,40代
1706,30代
1707,40代
1708,20代
1709,30代
1710,40代
1711,30代
1712,20代
1713,20代
1714,30代
1715,20代
1716,20代
1717,20代
1718,40代
1719,40代
1720,30代
1721,40代
1722,30代
1723,30代
1724,30代
1725,30代
1726,30代
1727,30代
1728,20代
1729,20代
1730,30代
1731,30代
1732,30代
1733,30代
1734,30代
1735,30代
1736,30代
1737,30代
1738,20代
1739,30代
1740,20代
1741,40代
1742,40代
1743,40代
1744,20代
1745,40代
1746,20代
1747,30代
1748,30代
1749,30代
1750,20代
1751,20代
1752,30代
1753,30代
1754,40代
1755,30代
1756,40代
1757,30代
1758,20代
1759,20代
1760,20代
1761,30代
1762,30代
1763,30代
1764,20代
1765,30代
1766,20代
1767,30代
1768,30代
1769,40代
1770,30代
1771,20代
1772,40代
1773,30代
1774,30代
1775,30代
1776,30代
1777,30代
1778,30代
1779,30代
1780,30代
1781,30代
1782,30代
1783,20代
1784,30代
1785,30代
1786,30代
1787,30代
1788,30代
1789,30代
1790,30代
1791,30代
1792,30代
1793,30代
1794,40代
1795,40代
1796,20代
1797,40代
1798,30代
1799,30代
1800,20代
1801,40代
1802,40代
1803,30代
1804,40代
1805,30代
1806,40代
1807,30代
1808,30代
1809,30代
1810,40代
1811,30代
1812,30代
1813,30代
1814,20代
1815,30代
1816,30代
1817,40代
1818,30代
1819,40代
1820,30代
1821,30代
1822,20代
1823,30代
1824,40代
1825,40代
1826,30代
1827,30代
1828,20代
1829,20代
1830,20代
1831,40代
1832,30代
1833,40代
1834,30代
1835,30代
1836,20代
1837,40代
1838,40代
1839,30代
1840,30代
1841,30代
1842,30代
1843,30代
1844,30代
1845,30代
1846,40代
1847,40代
1848,30代
1849,30代
1850,20代
1851,20代
1852,30代
1853,40代
1854,30代
1855,30代
1856,30代
1857,30代
1858,30代
1859,20代
1860,20代
1861,30代
1862,30代
1863,20代
1864,20代
1865,30代
1866,30代
1867,30代
1868,30代
1869,30代
1870,30代
1871,30代
1872,30代
1873,20代
1874,30代
1875,30代
1876,30代
1877,30代
1878,30代
1879,30代
1880,30代
1881,30代
1882,40代
1883,40代
1884,40代
1885,20代
1886,40代
1887,20代
1888,40代
1889,20代
1890,20代
1891,30代
1892,20代
1893,20代
1894,20代
1895,20代
1896,20代
1897,40代
1898,20代
1899,30代
1900,20代
1901,30代
1902,30代
1903,30代
1904,40代
1905,30代
1906,20代
1907,30代
1908,30代
1909,20代
1910,30代
1911,30代
1912,40代
1913,30代
1914,20代
1915,30代
1916,20代
1917,30代
1918,30代
1919,20代
1920,40代
1921,30代
1922,30代
1923,20代
1924,30代
1925,30代
1926,30代
1927,30代
1928,40代
1929,20代
1930,20代
1931,30代
1932,30代
1933,30代
1934,30代
1935,40代
1936,30代
1937,40代
1938,30代
1939,30代
1940,40代
1941,20代
1942,30代
1943,30代
1944,20代
1945,30代
1946,30代
1947,30代
1948,30代
1949,30代
1950,40代
1951,20代
1952,30代
1953,30代
1954,30代
1955,30代
1956,30代
1957,30代
1958,30代
1959,30代
1960,30代
1961,30代
1962,30代
1963,30代
1964,40代
1965,20代
1966,30代
1967,30代
1968,30代
1969,30代
1970,30代
1971,20代
1972,20代
1973,30代
1974,30代
1975,20代
1976,20代
1977,40代
1978,30代
1979,30代
1980,40代
1981,20代
1982,20代
1983,40代
1984,30代
1985,30代
1986,40代
1987,30代
1988,30代
1989,30代
1990,30代
1991,30代
1992,30代
1993,20代
1994,40代
1995,30代
1996,40代
1997,20代
1998,20代
1999,30代
2000,30代
2001,30代
2002,30代
2003,30代
2004,30代
2005,30代
2006,40代
2007,40代
2008,20代
2009,20代
2010,20代
2011,30代
2012,20代
2013,30代
2014,30代
2015,30代
2016,30代
2017,30代
2018,30代
2019,20代
2020,30代
2021,30代
2022,40代
2023,30代
2024,40代
2025,30代
2026,30代
2027,30代
2028,30代
2029,30代
2030,30代
2031,30代
2032,20代
2033,20代
2034,30代
2035,30代
2036,20代
2037,30代
2038,30代
2039,30代
2040,30代
2041,30代
2042,30代
2043,30代
2044,20代
2045,30代
2046,30代
2047,30代
2048,30代
2049,30代
2050,30代
2051,20代
2052,20代
2053,40代
2054,20代
2055,20代
2056,30代
2057,30代
2058,30代
2059,20代
2060,30代
2061,30代
2062,30代
2063,30代
2064,20代
2065,40代
2066,30代
2067,20代
2068,20代
2069,30代
2070,20代
2071,20代
2072,30代
2073,20代
2074,30代
2075,20代
2076,30代
2077,30代
2078,30代
2079,30代
2080,30代
2081,30代
2082,40代
2083,30代
2084,40代
2085,30代
2086,30代
2087,20代
2088,20代
2089,30代
2090,30代
2091,30代
2092,30代
2093,30代
2094,30代
2095,30代
2096,40代
2097,40代
2098,30代
2099,40代
2100,20代
2101,20代
2102,20代
2103,30代
2104,30代
2105,30代
2106,30代
2107,30代
2108,30代
2109,30代
2110,20代
2111,20代
2112,30代
2113,40代
2114,30代
2115,30代
2116,30代
2117,30代
2118,30代
2119,30代
2120,30代
2121,30代
2122,30代
2123,30代
2124,30代
2125,30代
2126,30代
2127,40代
2128,30代
2129,30代
2130,40代
2131,30代
2132,40代
2133,40代
2134,30代
2135,30代
2136,30代
2137,30代
2138,20代
2139,30代
2140,30代
2141,30代
2142,30代
2143,30代
2144,30代
2145,30代
2146,30代
2147,30代
2148,40代
2149,20代
2150,20代
2151,40代
2152,20代
2153,20代
2154,20代
2155,20代
2156,30代
2157,20代
2158,30代
2159,40代
2160,30代
2161,30代
2162,30代
2163,20代
2164,30代
2165,30代
2166,30代
2167,30代
2168,20代
2169,30代
2170,20代
2171,30代
2172,20代
2173,30代
2174,30代
2175,30代
2176,30代
2177,40代
2178,30代
2179,30代
2180,30代
2181,30代
2182,40代
2183,30代
2184,40代
2185,30代
2186,30代
2187,30代
2188,40代
2189,40代
2190,30代
2191,30代
2192,40代
2193,30代
2194,30代
2195,30代
2196,30代
2197,30代
2198,30代
2199,40代
2200,30代
2201,30代
2202,40代
2203,30代
2204,40代
2205,20代
2206,30代
2207,30代
2208,30代
2209,30代
2210,20代
2211,20代
2212,30代
2213,30代
2214,30代
2215,30代
2216,30代
2217,30代
2218,30代
2219,30代
2220,30代
2221,30代
2222,30代
2223,30代
2224,20代
2225,20代
2226,30代
2227,20代
2228,30代
2229,30代
2230,40代
2231,30代
2232,30代
2233,30代
2234,20代
2235,40代
2236,40代
2237,20代
2238,20代
2239,20代
2240,30代
2241,40代
2242,20代
2243,40代
2244,30代
2245,30代
2246,20代
2247,30代
2248,30代
2249,30代
2250,30代
2251,30代
2252,30代
2253,20代
2254,20代
2255,30代
2256,40代
2257,20代
2258,30代
2259,20代
2260,30代
2261,30代
2262,20代
2263,40代
2264,40代
2265,20代
2266,20代
2267,40代
2268,20代
2269,30代
2270,30代
2271,30代
2272,20代
2273,20代
2274,20代
2275,30代
2276,40代
2277,30代
2278,30代
2279,30代
2280,30代
2281,30代
2282,20代
2283,20代
2284,30代
2285,20代
2286,20代
2287,30代
2288,30代
2289,40代
2290,30代
2291,40代
2292,30代
2293,30代
2294,30代
2295,30代
2296,40代
2297,30代
2298,30代
2299,30代
2300,30代
2301,30代
2302,30代
2303,30代
2304,20代
2305,30代
2306,30代
2307,30代
2308,30代
2309,30代
2310,20代
2311,20代
2312,30代
2313,30代
2314,40代
2315,20代
2316,30代
2317,30代
2318,30代
2319,30代
2320,20代
2321,40代
2322,40代
2323,30代
2324,20代
2325,30代
2326,20代
2327,30代
2328,40代
2329,50代
2330,40代
2331,30代
2332,30代
2333,30代
2334,20代
2335,20代
2336,30代
2337,20代
2338,30代
2339,30代
2340,20代
2341,30代
2342,40代
2343,30代
2344,40代
2345,30代
2346,30代
2347,30代
2348,30代
2349,30代
2350,30代
2351,40代
2352,40代
2353,30代
2354,30代
2355,30代
2356,30代
2357,30代
2358,30代
2359,30代
2360,20代
2361,20代
2362,30代
2363,30代
2364,30代
2365,40代
2366,30代
2367,30代
2368,30代
2369,20代
2370,40代
2371,30代
2372,30代
2373,40代
2374,30代
2375,30代
2376,30代
2377,30代
2378,30代
2379,30代
2380,30代
2381,40代
2382,40代
2383,30代
2384,20代
2385,30代
2386,30代
2387,30代
2388,40代
2389,30代
2390,30代
2391,20代
2392,20代
2393,30代
2394,30代
2395,30代
2396,30代
2397,30代
2398,30代
2399,40代
2400,40代
2401,30代
2402,20代
2403,40代
2404,30代
2405,30代
2406,30代
2407,30代
2408,20代
2409,30代
2410,40代
2411,30代
2412,30代
2413,30代
2414,30代
2415,20代
2416,30代
2417,20代
2418,30代
2419,20代
2420,30代
2421,30代
2422,30代
2423,30代
2424,30代
2425,40代
2426,40代
2427,30代
2428,30代
2429,30代
2430,30代
2431,30代
2432,20代
2433,30代
2434,30代
2435,30代
2436,30代
2437,30代
2438,30代
2439,30代
2440,30代
2441,30代
2442,30代
2443,30代
2444,30代
2445,20代
2446,40代
2447,40代
2448,30代
2449,20代
2450,40代
2451,30代
2452,20代
2453,40代
2454,30代
2455,30代
2456,30代
2457,30代
2458,30代
2459,20代
2460,30代
2461,20代
2462,30代
2463,20代
2464,30代
2465,30代
2466,30代
2467,40代
2468,30代
2469,30代
2470,40代
2471,30代
2472,40代
2473,30代
2474,30代
2475,20代
2476,30代
2477,30代
2478,30代
2479,30代
2480,30代
2481,40代
2482,40代
2483,30代
2484,30代
2485,30代
2486,30代
2487,30代
2488,30代
2489,30代
2490,30代
2491,20代
2492,30代
2493,30代
2494,30代
2495,30代
2496,30代
2497,30代
2498,30代
2499,30代
2500,20代
2501,20代
2502,20代
2503,30代
2504,20代
2505,40代
2506,30代
2507,40代
2508,40代
2509,20代
2510,40代
2511,20代
2512,40代
2513,30代
2514,20代
2515,20代
2516,40代
2517,30代
2518,20代
2519,30代
2520,20代
2521,30代
2522,30代
2523,20代
2524,20代
2525,20代
2526,30代
2527,20代
2528,30代
2529,20代
2530,30代
2531,30代
2532,30代
2533,20代
2534,30代
2535,30代
2536,30代
2537,30代
2538,30代
2539,30代
2540,30代
2541,30代
2542,40代
2543,30代
2544,20代
2545,30代
2546,40代
2547,20代
2548,30代
2549,30代
2550,30代
2551,40代
2552,40代
2553,30代
2554,30代
2555,30代
2556,20代
2557,30代
2558,30代
2559,30代
2560,20代
2561,30代
2562,30代
2563,30代
2564,30代
2565,30代
2566,30代
2567,30代
2568,30代
2569,30代
2570,30代
2571,30代
2572,30代
2573,30代
2574,20代
2575,30代
2576,30代
2577,30代
2578,30代
2579,30代
2580,30代
2581,30代
2582,30代
2583,20代
2584,30代
2585,30代
2586,30代
2587,30代
2588,30代
2589,30代
2590,20代
2591,30代
2592,30代
2593,30代
2594,30代
2595,30代
2596,30代
2597,20代
2598,30代
2599,30代
2600,20代
2601,20代
2602,30代
2603,30代
2604,30代
2605,20代
2606,20代
2607,20代
2608,30代
2609,20代
2610,30代
2611,30代
2612,30代
2613,30代
2614,30代
2615,20代
2616,20代
2617,40代
2618,30代
2619,30代
2620,40代
2621,30代
2622,20代
2623,30代
2624,20代
2625,30代
2626,20代
2627,30代
2628,30代
2629,30代
2630,20代
2631,30代
2632,30代
2633,30代
2634,30代
2635,30代
2636,30代
2637,30代
2638,20代
2639,30代
2640,30代
2641,30代
2642,40代
2643,40代
2644,20代
2645,40代
2646,30代
2647,40代
2648,30代
2649,30代
2650,30代
2651,30代
2652,30代
2653,30代
2654,30代
2655,30代
2656,30代
2657,30代
2658,30代
2659,30代
2660,30代
2661,30代
2662,30代
2663,30代
2664,30代
2665,30代
2666,30代
2667,30代
2668,30代
2669,40代
2670,30代
2671,30代
2672,30代
2673,30代
2674,40代
2675,30代
2676,30代
2677,30代
2678,30代
2679,30代
2680,30代
2681,30代
2682,20代
2683,30代
2684,20代
2685,30代
2686,20代
2687,20代
2688,30代
2689,20代
2690,30代
2691,30代
2692,30代
2693,20代
2694,40代
2695,20代
2696,30代
2697,20代
2698,40代
2699,30代
2700,30代
2701,20代
2702,20代
2703,30代
2704,30代
2705,30代
2706,30代
2707,30代
2708,30代
2709,20代
2710,30代
2711,30代
2712,30代
2713,20代
2714,30代
2715,30代
2716,40代
2717,30代
2718,20代
2719,20代
2720,40代
2721,20代
2722,40代
2723,40代
2724,40代
2725,30代
2726,20代
2727,30代
2728,20代
2729,40代
2730,30代
2731,30代
2732,30代
2733,30代
2734,30代
2735,30代
2736,30代
2737,40代
2738,40代
2739,40代
2740,40代
2741,40代
2742,20代
2743,20代
2744,30代
2745,40代
2746,30代
2747,30代
2748,30代
2749,20代
2750,30代
2751,30代
2752,20代
2753,30代
2754,30代
2755,30代
2756,30代
2757,30代
2758,30代
2759,30代
2760,20代
2761,30代
2762,20代
2763,20代
2764,20代
2765,20代
2766,20代
2767,30代
2768,30代
2769,30代
2770,20代
2771,30代
2772,30代
2773,40代
2774,30代
2775,30代
2776,30代
2777,30代
2778,30代
2779,40代
2780,30代
2781,20代
2782,40代
2783,30代
2784,40代
2785,30代
2786,30代
2787,30代
2788,20代
2789,40代
2790,40代
2791,30代
2792,20代
2793,30代
2794,30代
2795,30代
2796,30代
2797,30代
2798,30代
2799,30代
2800,30代
2801,30代
2802,20代
2803,30代
2804,30代
2805,30代
2806,40代
2807,30代
2808,30代
2809,40代
2810,30代
2811,30代
2812,30代
2813,30代
2814,30代
2815,30代
2816,20代
2817,30代
2818,30代
2819,30代
2820,20代
2821,30代
2822,20代
2823,30代
2824,30代
2825,30代
2826,30代
2827,30代
2828,30代
2829,30代
2830,30代
2831,30代
2832,40代
2833,30代
2834,20代
2835,20代
2836,20代
2837,20代
2838,20代
2839,30代
2840,30代
2841,30代
2842,40代
2843,40代
2844,30代
2845,30代
2846,30代
2847,30代
2848,40代
2849,30代
2850,30代
2851,30代
2852,30代
2853,30代
2854,30代
2855,20代
2856,20代
2857,30代
2858,20代
2859,30代
2860,30代
2861,20代
2862,20代
2863,30代
2864,20代
2865,30代
2866,40代
2867,30代
2868,30代
2869,40代
2870,30代
2871,30代
2872,30代
2873,30代
2874,30代
2875,20代
2876,40代
2877,20代
2878,40代
2879,30代
2880,30代
2881,30代
2882,30代
2883,20代
2884,20代
2885,30代
2886,30代
2887,30代
2888,30代
2889,30代
2890,30代
2891,30代
2892,30代
2893,30代
2894,30代
2895,30代
2896,30代
2897,30代
2898,40代
2899,30代
2900,30代
2901,30代
2902,30代
2903,30代
2904,40代
2905,30代
2906,30代
2907,30代
2908,30代
2909,40代
2910,40代
2911,30代
2912,30代
2913,30代
2914,30代
2915,30代
2916,20代
2917,20代
2918,30代
2919,20代
2920,30代
2921,30代
2922,30代
2923,30代
2924,30代
2925,30代
2926,20代
2927,40代
2928,30代
2929,20代
2930,30代
2931,30代
2932,30代
2933,30代
2934,30代
2935,30代
2936,20代
2937,30代
2938,30代
2939,30代
2940,30代
2941,30代
2942,30代
2943,40代
2944,30代
2945,20代
2946,20代
2947,30代
2948,30代
2949,30代
2950,30代
2951,30代
2952,30代
2953,30代
2954,30代
2955,30代
2956,30代
2957,30代
2958,30代
2959,30代
2960,30代
2961,30代
2962,30代
2963,30代
2964,30代
2965,30代
2966,20代
2967,30代
2968,30代
2969,20代
2970,20代
2971,30代
2972,30代
2973,40代
2974,30代
2975,30代
2976,30代
2977,30代
2978,40代
2979,30代
2980,30代
2981,30代
2982,30代
2983,30代
2984,30代
2985,20代
2986,20代
2987,30代
2988,30代
2989,20代
2990,30代
2991,20代
2992,30代
2993,20代
2994,20代
2995,30代
2996,30代
2997,20代
2998,30代
2999,30代
3000,30代
3001,40代
3002,20代
3003,40代
3004,30代
3005,20代
3006,20代
3007,20代
3008,20代
3009,20代
3010,30代
3011,30代
3012,30代
3013,30代
3014,30代
3015,30代
3016,40代
3017,40代
3018,40代
3019,30代
3020,30代
3021,30代
3022,20代
3023,20代
3024,30代
3025,30代
3026,30代
3027,30代
3028,20代
3029,30代
3030,40代
3031,50代
3032,30代
3033,30代
3034,30代
3035,30代
3036,30代
3037,30代
3038,30代
3039,30代
3040,30代
3041,30代
3042,30代
3043,30代
3044,20代
3045,20代
3046,40代
3047,40代
3048,40代
3049,20代
3050,40代
3051,40代
3052,40代
3053,30代
3054,40代
3055,30代
3056,30代
3057,30代
3058,30代
3059,30代
3060,30代
3061,30代
3062,30代
3063,30代
3064,30代
3065,30代
3066,40代
3067,30代
3068,30代
3069,30代
3070,40代
3071,30代
3072,40代
3073,20代
3074,30代
3075,30代
3076,30代
3077,30代
3078,30代
3079,30代
3080,20代
3081,30代
3082,30代
3083,30代
3084,30代
3085,40代
3086,30代
3087,40代
3088,30代
3089,30代
3090,40代
3091,30代
3092,20代
3093,40代
3094,30代
3095,30代
3096,30代
3097,30代
3098,40代
3099,20代
3100,20代
3101,30代
3102,30代
3103,30代
3104,30代
3105,30代
3106,30代
3107,30代
3108,20代
3109,20代
3110,30代
3111,40代
3112,30代
3113,40代
3114,20代
3115,40代
3116,30代
3117,30代
3118,40代
3119,20代
3120,30代
3121,30代
3122,30代
3123,40代
3124,30代
3125,30代
3126,30代
3127,30代
3128,20代
3129,40代
3130,40代
3131,30代
3132,30代
3133,30代
3134,30代
3135,30代
3136,30代
3137,30代
3138,40代
3139,20代
3140,30代
3141,30代
3142,30代
3143,20代
3144,20代
3145,30代
3146,30代
3147,30代
3148,30代
3149,30代
3150,30代
3151,30代
3152,30代
3153,30代
3154,30代
3155,20代
3156,40代
3157,20代
3158,30代
3159,30代
3160,20代
3161,20代
3162,40代
3163,40代
3164,30代
3165,40代
3166,30代
3167,30代
3168,30代
3169,30代
3170,30代
3171,30代
3172,30代
3173,20代
3174,20代
3175,20代
3176,20代
3177,40代
3178,30代
3179,30代
3180,30代
3181,30代
3182,30代
3183,30代
3184,30代
3185,20代
3186,20代
3187,20代
3188,40代
3189,30代
3190,20代
3191,40代
3192,40代
3193,30代
3194,40代
3195,20代
3196,20代
3197,40代
3198,20代
3199,30代
3200,20代
3201,40代
3202,30代
3203,30代
3204,30代
3205,30代
3206,30代
3207,30代
3208,20代
3209,30代
3210,30代
3211,30代
3212,30代
3213,30代
3214,30代
3215,30代
3216,30代
3217,20代
3218,30代
3219,20代
3220,40代
3221,30代
3222,40代
3223,40代
3224,30代
3225,30代
3226,30代
3227,20代
3228,30代
3229,30代
3230,30代
3231,20代
3232,20代
3233,30代
3234,30代
3235,30代
3236,30代
3237,30代
3238,30代
3239,30代
3240,30代
3241,40代
3242,30代
3243,30代
3244,20代
3245,30代
3246,30代
3247,30代
3248,40代
3249,30代
3250,30代
3251,30代
3252,30代
3253,30代
3254,30代
3255,20代
3256,30代
3257,30代
3258,30代
3259,30代
3260,30代
3261,30代
3262,20代
3263,40代
3264,30代
3265,20代
3266,30代
3267,40代
3268,30代
3269,20代
3270,20代
3271,40代
3272,30代
3273,30代
3274,30代
3275,30代
3276,30代
3277,40代
3278,20代
3279,30代
3280,30代
3281,30代
3282,20代
3283,20代
3284,30代
3285,40代
3286,30代
3287,20代
3288,30代
3289,30代
3290,20代
3291,40代
3292,30代
3293,30代
3294,30代
3295,30代
3296,40代
3297,30代
3298,30代
3299,30代
3300,30代
3301,40代
3302,30代
3303,30代
3304,30代
3305,30代
3306,30代
3307,30代
3308,30代
3309,30代
3310,30代
3311,20代
3312,30代
3313,40代
3314,30代
3315,30代
3316,30代
3317,30代
3318,30代
3319,30代
3320,30代
3321,20代
3322,30代
3323,30代
3324,20代
3325,30代
3326,30代
3327,30代
3328,30代
3329,30代
3330,20代
3331,40代
3332,30代
3333,30代
3334,30代
3335,20代
3336,40代
3337,30代
3338,30代
3339,40代
3340,40代
3341,30代
3342,30代
3343,30代
3344,30代
3345,40代
3346,40代
3347,20代
3348,30代
3349,30代
3350,30代
3351,30代
3352,30代
3353,40代
3354,30代
3355,40代
3356,20代
3357,20代
3358,20代
3359,30代
3360,40代
3361,40代
3362,30代
3363,30代
3364,20代
3365,30代
3366,20代
3367,40代
3368,30代
3369,40代
3370,30代
3371,30代
3372,30代
3373,20代
3374,30代
3375,30代
3376,30代
3377,40代
3378,40代
3379,30代
3380,30代
3381,30代
3382,30代
3383,30代
3384,30代
3385,30代
3386,40代
3387,20代
3388,30代
3389,30代
3390,40代
3391,20代
3392,20代
3393,30代
3394,30代
3395,30代
3396,30代
3397,30代
3398,30代
3399,30代
3400,30代
3401,40代
3402,20代
3403,30代
3404,30代
3405,30代
3406,30代
3407,30代
3408,30代
3409,40代
3410,30代
3411,30代
3412,40代
3413,30代
3414,20代
3415,30代
3416,30代
3417,30代
3418,30代
3419,30代
3420,20代
3421,30代
3422,40代
3423,30代
3424,30代
3425,30代
3426,30代
3427,30代
3428,30代
3429,40代
3430,30代
3431,40代
3432,40代
3433,40代
3434,30代
3435,20代
3436,30代
3437,30代
3438,30代
3439,20代
3440,30代
3441,30代
3442,30代
3443,30代
3444,30代
3445,30代
3446,30代
3447,30代
3448,30代
3449,20代
3450,30代
3451,30代
3452,40代
3453,30代
3454,30代
3455,30代
3456,40代
3457,20代
3458,20代
3459,20代
3460,40代
3461,30代
3462,30代
3463,30代
3464,40代
3465,30代
3466,20代
3467,20代
3468,40代
3469,40代
3470,20代
3471,30代
3472,40代
3473,30代
3474,30代
3475,30代
3476,40代
3477,30代
3478,30代
3479,30代
3480,20代
3481,30代
3482,20代
3483,30代
3484,30代
3485,20代
3486,30代
3487,20代
3488,20代
3489,20代
3490,30代
3491,30代
3492,20代
3493,30代
3494,20代
3495,30代
3496,40代
3497,30代
3498,40代
3499,30代
3500,20代
3501,30代
3502,30代
3503,30代
3504,30代
3505,30代
3506,20代
3507,40代
3508,20代
3509,30代
3510,30代
3511,40代
3512,20代
3513,40代
3514,40代
3515,20代
3516,20代
3517,20代
3518,40代
3519,30代
3520,30代
3521,30代
3522,40代
3523,20代
3524,20代
3525,40代
3526,30代
3527,20代
3528,20代
3529,20代
3530,20代
3531,30代
3532,30代
3533,30代
3534,20代
3535,30代
3536,40代
3537,20代
3538,40代
3539,20代
3540,20代
3541,40代
3542,40代
3543,30代
3544,30代
3545,20代
3546,40代
3547,30代
3548,30代
3549,30代
3550,30代
3551,30代
3552,30代
3553,30代
3554,30代
3555,30代
3556,40代
3557,30代
3558,30代
3559,40代
3560,30代
3561,20代
3562,20代
3563,30代
3564,40代
3565,30代
3566,20代
3567,30代
3568,30代
3569,40代
3570,40代
3571,20代
3572,40代
3573,30代
3574,20代
3575,30代
3576,30代
3577,40代
3578,30代
3579,20代
3580,40代
3581,20代
3582,30代
3583,30代
3584,30代
3585,30代
3586,30代
3587,30代
3588,20代
3589,20代
3590,20代
3591,30代
3592,30代
3593,20代
3594,30代
3595,30代
3596,30代
3597,20代
3598,30代
3599,30代
3600,30代
3601,30代
3602,30代
3603,30代
3604,30代
3605,40代
3606,30代
3607,30代
3608,30代
3609,30代
3610,30代
3611,30代
3612,30代
3613,20代
3614,20代
3615,20代
3616,20代
3617,40代
3618,20代
3619,20代
3620,40代
3621,40代
3622,40代
3623,40代
3624,30代
3625,30代
3626,30代
3627,30代
3628,30代
3629,30代
3630,30代
3631,30代
3632,30代
3633,20代
3634,40代
3635,20代
3636,20代
3637,30代
3638,20代
3639,20代
3640,20代
3641,40代
3642,30代
3643,40代
3644,30代
3645,30代
3646,30代
3647,30代
3648,20代
3649,30代
3650,30代
3651,30代
3652,30代
3653,30代
3654,40代
3655,30代
3656,20代
3657,40代
3658,30代
3659,30代
3660,20代
3661,30代
3662,30代
3663,30代
3664,30代
3665,30代
3666,20代
3667,30代
3668,30代
3669,30代
3670,30代
3671,20代
3672,30代
3673,30代
3674,30代
3675,30代
3676,30代
3677,40代
3678,30代
3679,30代
3680,30代
3681,30代
3682,30代
3683,20代
3684,20代
3685,30代
3686,30代
3687,30代
3688,30代
3689,30代
3690,20代
3691,30代
3692,20代
3693,30代
3694,30代
3695,30代
3696,30代
3697,30代
3698,30代
3699,30代
3700,30代
3701,20代
3702,30代
3703,20代
3704,30代
3705,40代
3706,40代
3707,20代
3708,30代
3709,30代
3710,30代
3711,20代
3712,30代
3713,20代
3714,20代
3715,40代
3716,20代
3717,20代
3718,30代
3719,20代
3720,30代
3721,40代
3722,30代
3723,30代
3724,40代
3725,40代
3726,30代
3727,30代
3728,30代
3729,30代
3730,30代
3731,20代
3732,30代
3733,40代
3734,40代
3735,30代
3736,40代
3737,30代
3738,30代
3739,30代
3740,30代
3741,30代
3742,30代
3743,20代
3744,30代
3745,30代
3746,30代
3747,30代
3748,20代
3749,30代
3750,30代
3751,30代
3752,30代
3753,40代
3754,30代
3755,30代
3756,30代
3757,30代
3758,30代
3759,30代
3760,30代
3761,20代
3762,30代
3763,30代
3764,30代
3765,30代
3766,30代
3767,20代
3768,20代
3769,30代
3770,40代
3771,40代
3772,20代
3773,40代
3774,40代
3775,20代
3776,30代
3777,40代
3778,30代
3779,20代
3780,30代
3781,20代
3782,30代
3783,30代
3784,30代
3785,20代
3786,20代
3787,30代
3788,30代
3789,30代
3790,30代
3791,40代
3792,40代
3793,30代
3794,30代
3795,40代
3796,40代
3797,40代
3798,40代
3799,20代
3800,30代
3801,30代
3802,20代
3803,30代
3804,20代
3805,20代
3806,30代
3807,30代
3808,30代
3809,30代
3810,20代
3811,40代
3812,30代
3813,20代
3814,40代
3815,30代
3816,30代
3817,30代
3818,40代
3819,30代
3820,30代
3821,30代
3822,40代
3823,30代
3824,30代
3825,20代
3826,30代
3827,30代
3828,40代
3829,20代
3830,30代
3831,30代
3832,30代
3833,20代
3834,20代
3835,30代
3836,30代
3837,30代
3838,30代
3839,30代
3840,30代
3841,30代
3842,20代
3843,20代
3844,30代
3845,30代
3846,30代
3847,30代
3848,30代
3849,20代
3850,20代
3851,30代
3852,30代
3853,20代
3854,30代
3855,20代
3856,30代
3857,40代
3858,40代
3859,40代
3860,20代
3861,30代
3862,30代
3863,30代
3864,40代
3865,20代
3866,20代
3867,30代
3868,20代
3869,40代
3870,30代
3871,20代
3872,30代
3873,20代
3874,20代
3875,40代
3876,30代
3877,20代
3878,40代
3879,30代
3880,30代
3881,20代
3882,30代
3883,30代
3884,40代
3885,30代
3886,30代
3887,40代
3888,30代
3889,30代
3890,30代
3891,30代
3892,20代
3893,30代
3894,30代
3895,20代
3896,40代
3897,30代
3898,30代
3899,40代
3900,40代
3901,20代
3902,40代
3903,30代
3904,30代
3905,30代
3906,20代
3907,20代
3908,30代
3909,30代
3910,30代
3911,30代
3912,30代
3913,30代
3914,30代
3915,20代
3916,30代
3917,20代
3918,30代
3919,20代
3920,30代
3921,30代
3922,30代
3923,30代
3924,40代
3925,30代
3926,30代
3927,30代
3928,30代
3929,30代
3930,40代
3931,30代
3932,40代
3933,30代
3934,40代
3935,20代
3936,20代
3937,40代
3938,30代
3939,30代
3940,40代
3941,20代
3942,30代
3943,20代
3944,30代
3945,30代
3946,20代
3947,30代
3948,30代
3949,20代
3950,30代
3951,30代
3952,30代
3953,30代
3954,20代
3955,30代
3956,40代
3957,30代
3958,40代
3959,30代
3960,30代
3961,30代
3962,30代
3963,30代
3964,20代
3965,30代
3966,20代
3967,30代
3968,20代
3969,30代
3970,40代
3971,40代
3972,30代
3973,30代
3974,30代
3975,30代
3976,40代
3977,50代
3978,30代
3979,30代
3980,20代
3981,30代
3982,30代
3983,20代
3984,40代
3985,20代
3986,30代
3987,30代
3988,30代
3989,40代
3990,30代
3991,30代
3992,20代
3993,30代
3994,30代
3995,30代
3996,30代
3997,30代
3998,20代
3999,30代
4000,20代
4001,30代
4002,20代
4003,30代
4004,30代
4005,20代
4006,30代
4007,30代
4008,30代
4009,40代
4010,30代
4011,30代
4012,30代
4013,20代
4014,30代
4015,30代
4016,30代
4017,30代
4018,30代
4019,30代
4020,20代
4021,20代
4022,20代
4023,30代
4024,30代
4025,40代
4026,40代
4027,30代
4028,20代
4029,30代
4030,30代
4031,40代
4032,30代
4033,30代
4034,30代
4035,30代
4036,20代
4037,30代
4038,20代
4039,30代
4040,30代
4041,30代
4042,30代
4043,30代
4044,30代
4045,30代
4046,40代
4047,40代
4048,40代
4049,30代
4050,40代
4051,40代
4052,40代
4053,20代
4054,20代
4055,30代
4056,30代
4057,30代
4058,30代
4059,20代
4060,30代
4061,30代
4062,40代
4063,30代
4064,30代
4065,40代
4066,30代
4067,30代
4068,40代
4069,30代
4070,30代
4071,30代
4072,30代
4073,40代
4074,30代
4075,30代
4076,20代
4077,20代
4078,30代
4079,30代
4080,30代
4081,30代
4082,30代
4083,30代
4084,30代
4085,20代
4086,30代
4087,30代
4088,30代
4089,30代
4090,30代
4091,30代
4092,30代
4093,40代
