0,男性
1,男性
2,男性
3,男性
4,男性
5,男性
6,男性
7,男性
8,男性
9,男性
10,男性
11,男性
12,男性
13,男性
14,男性
15,男性
16,男性
17,男性
18,男性
19,男性
20,男性
21,男性
22,男性
23,男性
24,男性
25,男性
26,男性
27,男性
28,男性
29,男性
30,男性
31,男性
32,男性
33,男性
34,男性
35,男性
36,男性
37,男性
38,男性
39,男性
40,男性
41,男性
42,男性
43,男性
44,男性
45,男性
46,男性
47,男性
48,男性
49,男性
50,男性
51,男性
52,男性
53,男性
54,男性
55,男性
56,男性
57,男性
58,男性
59,男性
60,男性
61,男性
62,男性
63,男性
64,男性
65,男性
66,男性
67,男性
68,男性
69,男性
70,男性
71,男性
72,男性
73,男性
74,男性
75,男性
76,男性
77,男性
78,男性
79,男性
80,男性
81,男性
82,男性
83,男性
84,男性
85,男性
86,男性
87,男性
88,男性
89,男性
90,男性
91,男性
92,男性
93,男性
94,男性
95,男性
96,男性
97,男性
98,男性
99,男性
100,男性
101,男性
102,男性
103,男性
104,男性
105,男性
106,男性
107,男性
108,男性
109,男性
110,男性
111,男性
112,男性
113,男性
114,男性
115,男性
116,男性
117,男性
118,男性
119,男性
120,男性
121,男性
122,男性
123,男性
124,男性
125,男性
126,男性
127,男性
128,男性
129,男性
130,男性
131,男性
132,男性
133,男性
134,男性
135,男性
136,男性
137,男性
138,男性
139,男性
140,男性
141,男性
142,男性
143,男性
144,男性
145,男性
146,男性
147,男性
148,男性
149,男性
150,男性
151,男性
152,男性
153,男性
154,男性
155,男性
156,男性
157,男性
158,男性
159,男性
160,男性
161,男性
162,男性
163,男性
164,男性
165,男性
166,男性
167,男性
168,男性
169,男性
170,男性
171,男性
172,男性
173,男性
174,男性
175,男性
176,男性
177,男性
178,男性
179,男性
180,男性
181,男性
182,男性
183,男性
184,男性
185,男性
186,男性
187,男性
188,男性
189,男性
190,男性
191,男性
192,男性
193,男性
194,男性
195,男性
196,男性
197,男性
198,男性
199,男性
200,男性
201,男性
202,男性
203,男性
204,男性
205,男性
206,男性
207,男性
208,男性
209,男性
210,男性
211,男性
212,男性
213,男性
214,男性
215,男性
216,男性
217,男性
218,男性
219,男性
220,男性
221,男性
222,男性
223,男性
224,男性
225,男性
226,男性
227,男性
228,男性
229,男性
230,男性
231,男性
232,男性
233,男性
234,男性
235,男性
236,男性
237,男性
238,男性
239,男性
240,男性
241,男性
242,男性
243,男性
244,男性
245,男性
246,男性
247,男性
248,男性
249,男性
250,男性
251,男性
252,男性
253,男性
254,男性
255,男性
256,男性
257,男性
258,男性
259,男性
260,男性
261,男性
262,男性
263,男性
264,男性
265,男性
266,男性
267,男性
268,男性
269,男性
270,男性
271,男性
272,男性
273,男性
274,男性
275,男性
276,男性
277,男性
278,男性
279,男性
280,男性
281,男性
282,男性
283,男性
284,男性
285,男性
286,男性
287,男性
288,男性
289,男性
290,男性
291,男性
292,男性
293,男性
294,男性
295,男性
296,男性
297,男性
298,男性
299,男性
300,男性
301,男性
302,男性
303,男性
304,男性
305,男性
306,男性
307,男性
308,男性
309,男性
310,男性
311,男性
312,男性
313,男性
314,男性
315,男性
316,男性
317,男性
318,男性
319,男性
320,男性
321,男性
322,男性
323,男性
324,男性
325,男性
326,男性
327,男性
328,男性
329,男性
330,男性
331,男性
332,男性
333,男性
334,男性
335,男性
336,男性
337,男性
338,男性
339,男性
340,男性
341,男性
342,男性
343,男性
344,男性
345,男性
346,男性
347,男性
348,男性
349,男性
350,男性
351,男性
352,男性
353,男性
354,男性
355,男性
356,男性
357,男性
358,男性
359,男性
360,男性
361,男性
362,男性
363,男性
364,男性
365,男性
366,男性
367,男性
368,男性
369,男性
370,男性
371,男性
372,男性
373,男性
374,男性
375,男性
376,男性
377,男性
378,男性
379,男性
380,男性
381,男性
382,男性
383,男性
384,男性
385,男性
386,男性
387,男性
388,男性
389,男性
390,男性
391,男性
392,男性
393,男性
394,男性
395,男性
396,男性
397,男性
398,男性
399,男性
400,男性
401,男性
402,男性
403,男性
404,男性
405,男性
406,男性
407,男性
408,男性
409,男性
410,男性
411,男性
412,男性
413,男性
414,男性
415,男性
416,男性
417,男性
418,男性
419,男性
420,男性
421,男性
422,男性
423,男性
424,男性
425,男性
426,男性
427,男性
428,男性
429,男性
430,男性
431,男性
432,男性
433,男性
434,男性
435,男性
436,男性
437,男性
438,男性
439,男性
440,男性
441,男性
442,男性
443,男性
444,男性
445,男性
446,男性
447,男性
448,男性
449,男性
450,男性
451,男性
452,男性
453,男性
454,男性
455,男性
456,男性
457,男性
458,男性
459,男性
460,男性
461,男性
462,男性
463,男性
464,男性
465,男性
466,男性
467,男性
468,男性
469,男性
470,男性
471,男性
472,男性
473,男性
474,男性
475,男性
476,男性
477,男性
478,男性
479,男性
480,男性
481,男性
482,男性
483,男性
484,男性
485,男性
486,男性
487,男性
488,男性
489,男性
490,男性
491,男性
492,男性
493,男性
494,男性
495,男性
496,男性
497,男性
498,男性
499,男性
500,男性
501,男性
502,男性
503,男性
504,男性
505,男性
506,男性
507,男性
508,男性
509,男性
510,男性
511,男性
512,男性
513,男性
514,男性
515,男性
516,男性
517,男性
518,男性
519,男性
520,男性
521,男性
522,男性
523,男性
524,男性
525,男性
526,男性
527,男性
528,男性
529,男性
530,男性
531,男性
532,男性
533,男性
534,男性
535,男性
536,男性
537,男性
538,男性
539,男性
540,男性
541,男性
542,男性
543,男性
544,男性
545,男性
546,男性
547,男性
548,男性
549,男性
550,男性
551,男性
552,男性
553,男性
554,男性
555,男性
556,男性
557,男性
558,男性
559,男性
560,男性
561,男性
562,男性
563,男性
564,男性
565,男性
566,男性
567,男性
568,男性
569,男性
570,男性
571,男性
572,男性
573,男性
574,男性
575,男性
576,男性
577,男性
578,男性
579,男性
580,男性
581,男性
582,男性
583,男性
584,男性
585,男性
586,男性
587,男性
588,男性
589,男性
590,男性
591,男性
592,男性
593,男性
594,男性
595,男性
596,男性
597,男性
598,男性
599,男性
600,男性
601,男性
602,男性
603,男性
604,男性
605,男性
606,男性
607,男性
608,男性
609,男性
610,男性
611,男性
612,男性
613,男性
614,男性
615,男性
616,男性
617,男性
618,男性
619,男性
620,男性
621,男性
622,男性
623,男性
624,男性
625,男性
626,男性
627,男性
628,男性
629,男性
630,男性
631,男性
632,男性
633,男性
634,男性
635,男性
636,男性
637,男性
638,男性
639,男性
640,男性
641,男性
642,男性
643,男性
644,男性
645,男性
646,男性
647,男性
648,男性
649,男性
650,男性
651,男性
652,男性
653,男性
654,男性
655,男性
656,男性
657,男性
658,男性
659,男性
660,男性
661,男性
662,男性
663,男性
664,男性
665,男性
666,男性
667,男性
668,男性
669,男性
670,男性
671,男性
672,男性
673,男性
674,男性
675,男性
676,男性
677,男性
678,男性
679,男性
680,男性
681,男性
682,男性
683,男性
684,男性
685,男性
686,男性
687,男性
688,男性
689,男性
690,男性
691,男性
692,男性
693,男性
694,男性
695,男性
696,男性
697,男性
698,男性
699,男性
700,男性
701,男性
702,男性
703,男性
704,男性
705,男性
706,男性
707,男性
708,男性
709,男性
710,男性
711,男性
712,男性
713,男性
714,男性
715,男性
716,男性
717,男性
718,男性
719,男性
720,男性
721,男性
722,男性
723,男性
724,男性
725,男性
726,男性
727,男性
728,男性
729,男性
730,男性
731,男性
732,男性
733,男性
734,男性
735,男性
736,男性
737,男性
738,男性
739,男性
740,男性
741,男性
742,男性
743,男性
744,男性
745,男性
746,男性
747,男性
748,男性
749,男性
750,男性
751,男性
752,男性
753,男性
754,男性
755,男性
756,男性
757,男性
758,男性
759,男性
760,男性
761,男性
762,男性
763,男性
764,男性
765,男性
766,男性
767,男性
768,男性
769,男性
770,男性
771,男性
772,男性
773,男性
774,男性
775,男性
776,男性
777,男性
778,男性
779,男性
780,男性
781,男性
782,男性
783,男性
784,男性
785,男性
786,男性
787,男性
788,男性
789,男性
790,男性
791,男性
792,男性
793,男性
794,男性
795,男性
796,男性
797,男性
798,男性
799,男性
800,男性
801,男性
802,男性
803,男性
804,男性
805,男性
806,男性
807,男性
808,男性
809,男性
810,男性
811,男性
812,男性
813,男性
814,男性
815,男性
816,男性
817,男性
818,男性
819,男性
820,男性
821,男性
822,男性
823,男性
824,男性
825,男性
826,男性
827,男性
828,男性
829,男性
830,男性
831,男性
832,男性
833,男性
834,男性
835,男性
836,男性
837,男性
838,男性
839,男性
840,男性
841,男性
842,男性
843,男性
844,男性
845,男性
846,男性
847,男性
848,男性
849,男性
850,男性
851,男性
852,男性
853,男性
854,男性
855,男性
856,男性
857,男性
858,男性
859,男性
860,男性
861,男性
862,男性
863,男性
864,男性
865,男性
866,男性
867,男性
868,男性
869,男性
870,男性
871,男性
872,男性
873,男性
874,男性
875,男性
876,男性
877,男性
878,男性
879,男性
880,男性
881,男性
882,男性
883,男性
884,男性
885,男性
886,男性
887,男性
888,男性
889,男性
890,男性
891,男性
892,男性
893,男性
894,男性
895,男性
896,男性
897,男性
898,男性
899,男性
900,男性
901,男性
902,男性
903,男性
904,男性
905,男性
906,男性
907,男性
908,男性
909,男性
910,男性
911,男性
912,男性
913,男性
914,男性
915,男性
916,男性
917,男性
918,男性
919,男性
920,男性
921,男性
922,男性
923,男性
924,男性
925,男性
926,男性
927,男性
928,男性
929,男性
930,男性
931,男性
932,男性
933,男性
934,男性
935,男性
936,男性
937,男性
938,男性
939,男性
940,男性
941,男性
942,男性
943,男性
944,男性
945,男性
946,男性
947,男性
948,男性
949,男性
950,男性
951,男性
952,男性
953,男性
954,男性
955,男性
956,男性
957,男性
958,男性
959,男性
960,男性
961,男性
962,男性
963,男性
964,男性
965,男性
966,男性
967,男性
968,男性
969,男性
970,男性
971,男性
972,男性
973,男性
974,男性
975,男性
976,男性
977,男性
978,男性
979,男性
980,男性
981,男性
982,男性
983,男性
984,男性
985,男性
986,男性
987,男性
988,男性
989,男性
990,男性
991,男性
992,男性
993,男性
994,男性
995,男性
996,男性
997,男性
998,男性
999,男性
1000,男性
1001,男性
1002,男性
1003,男性
1004,男性
1005,男性
1006,男性
1007,男性
1008,男性
1009,男性
1010,男性
1011,男性
1012,男性
1013,男性
1014,男性
1015,男性
1016,男性
1017,男性
1018,男性
1019,男性
1020,男性
1021,男性
1022,男性
1023,男性
1024,男性
1025,男性
1026,男性
1027,男性
1028,男性
1029,男性
1030,男性
1031,男性
1032,男性
1033,男性
1034,男性
1035,男性
1036,男性
1037,男性
1038,男性
1039,男性
1040,男性
1041,男性
1042,男性
1043,男性
1044,男性
1045,男性
1046,男性
1047,男性
1048,男性
1049,男性
1050,男性
1051,男性
1052,男性
1053,男性
1054,男性
1055,男性
1056,男性
1057,男性
1058,男性
1059,男性
1060,男性
1061,男性
1062,男性
1063,男性
1064,男性
1065,男性
1066,男性
1067,男性
1068,男性
1069,男性
1070,男性
1071,男性
1072,男性
1073,男性
1074,男性
1075,男性
1076,男性
1077,男性
1078,男性
1079,男性
1080,男性
1081,男性
1082,男性
1083,男性
1084,男性
1085,男性
1086,男性
1087,男性
1088,男性
1089,男性
1090,男性
1091,男性
1092,男性
1093,男性
1094,男性
1095,男性
1096,男性
1097,男性
1098,男性
1099,男性
1100,男性
1101,男性
1102,男性
1103,男性
1104,男性
1105,男性
1106,男性
1107,男性
1108,男性
1109,男性
1110,男性
1111,男性
1112,男性
1113,男性
1114,男性
1115,男性
1116,男性
1117,男性
1118,男性
1119,男性
1120,男性
1121,男性
1122,男性
1123,男性
1124,男性
1125,男性
1126,男性
1127,男性
1128,男性
1129,男性
1130,男性
1131,男性
1132,男性
1133,男性
1134,男性
1135,男性
1136,男性
1137,男性
1138,男性
1139,男性
1140,男性
1141,男性
1142,男性
1143,男性
1144,男性
1145,男性
1146,男性
1147,男性
1148,男性
1149,男性
1150,男性
1151,男性
1152,男性
1153,男性
1154,男性
1155,男性
1156,男性
1157,男性
1158,男性
1159,男性
1160,男性
1161,男性
1162,男性
1163,男性
1164,男性
1165,男性
1166,男性
1167,男性
1168,男性
1169,男性
1170,男性
1171,男性
1172,男性
1173,男性
1174,男性
1175,男性
1176,男性
1177,男性
1178,男性
1179,男性
1180,男性
1181,男性
1182,男性
1183,男性
1184,男性
1185,男性
1186,男性
1187,男性
1188,男性
1189,男性
1190,男性
1191,男性
1192,男性
1193,男性
1194,男性
1195,男性
1196,男性
1197,男性
1198,男性
1199,男性
1200,男性
1201,男性
1202,男性
1203,男性
1204,男性
1205,男性
1206,男性
1207,男性
1208,男性
1209,男性
1210,男性
1211,男性
1212,男性
1213,男性
1214,男性
1215,男性
1216,男性
1217,男性
1218,男性
1219,男性
1220,男性
1221,男性
1222,男性
1223,男性
1224,男性
1225,男性
1226,男性
1227,男性
1228,男性
1229,男性
1230,男性
1231,男性
1232,男性
1233,男性
1234,男性
1235,男性
1236,男性
1237,男性
1238,男性
1239,男性
1240,男性
1241,男性
1242,男性
1243,男性
1244,男性
1245,男性
1246,男性
1247,男性
1248,男性
1249,男性
1250,男性
1251,男性
1252,男性
1253,男性
1254,男性
1255,男性
1256,男性
1257,男性
1258,男性
1259,男性
1260,男性
1261,男性
1262,男性
1263,男性
1264,男性
1265,男性
1266,男性
1267,男性
1268,男性
1269,男性
1270,男性
1271,男性
1272,男性
1273,男性
1274,男性
1275,男性
1276,男性
1277,男性
1278,男性
1279,男性
1280,男性
1281,男性
1282,男性
1283,男性
1284,男性
1285,男性
1286,男性
1287,男性
1288,男性
1289,男性
1290,男性
1291,男性
1292,男性
1293,男性
1294,男性
1295,男性
1296,男性
1297,男性
1298,男性
1299,男性
1300,男性
1301,男性
1302,男性
1303,男性
1304,男性
1305,男性
1306,男性
1307,男性
1308,男性
1309,男性
1310,男性
1311,男性
1312,男性
1313,男性
1314,男性
1315,男性
1316,男性
1317,男性
1318,男性
1319,男性
1320,男性
1321,男性
1322,男性
1323,男性
1324,男性
1325,男性
1326,男性
1327,男性
1328,男性
1329,男性
1330,男性
1331,男性
1332,男性
1333,男性
1334,男性
1335,男性
1336,男性
1337,男性
1338,男性
1339,男性
1340,男性
1341,男性
1342,男性
1343,男性
1344,男性
1345,男性
1346,男性
1347,男性
1348,男性
1349,男性
1350,男性
1351,男性
1352,男性
1353,男性
1354,男性
1355,男性
1356,男性
1357,男性
1358,男性
1359,男性
1360,男性
1361,男性
1362,男性
1363,男性
1364,男性
1365,男性
1366,男性
1367,男性
1368,男性
1369,男性
1370,男性
1371,男性
1372,男性
1373,男性
1374,男性
1375,男性
1376,男性
1377,男性
1378,男性
1379,男性
1380,男性
1381,男性
1382,男性
1383,男性
1384,男性
1385,男性
1386,男性
1387,男性
1388,男性
1389,男性
1390,男性
1391,男性
1392,男性
1393,男性
1394,男性
1395,男性
1396,男性
1397,男性
1398,男性
1399,男性
1400,男性
1401,男性
1402,男性
1403,男性
1404,男性
1405,男性
1406,男性
1407,男性
1408,男性
1409,男性
1410,男性
1411,男性
1412,男性
1413,男性
1414,男性
1415,男性
1416,男性
1417,男性
1418,男性
1419,男性
1420,男性
1421,男性
1422,男性
1423,男性
1424,男性
1425,男性
1426,男性
1427,男性
1428,男性
1429,男性
1430,男性
1431,男性
1432,男性
1433,男性
1434,男性
1435,男性
1436,男性
1437,男性
1438,男性
1439,男性
1440,男性
1441,男性
1442,男性
1443,男性
1444,男性
1445,男性
1446,男性
1447,男性
1448,男性
1449,男性
1450,男性
1451,男性
1452,男性
1453,男性
1454,男性
1455,男性
1456,男性
1457,男性
1458,男性
1459,男性
1460,男性
1461,男性
1462,男性
1463,男性
1464,男性
1465,男性
1466,男性
1467,男性
1468,男性
1469,男性
1470,男性
1471,男性
1472,男性
1473,男性
1474,男性
1475,男性
1476,男性
1477,男性
1478,男性
1479,男性
1480,男性
1481,男性
1482,男性
1483,男性
1484,男性
1485,男性
1486,男性
1487,男性
1488,男性
1489,男性
1490,男性
1491,男性
1492,男性
1493,男性
1494,男性
1495,男性
1496,男性
1497,男性
1498,男性
1499,男性
1500,男性
1501,男性
1502,男性
1503,男性
1504,男性
1505,男性
1506,男性
1507,男性
1508,男性
1509,男性
1510,男性
1511,男性
1512,男性
1513,男性
1514,男性
1515,男性
1516,男性
1517,男性
1518,男性
1519,男性
1520,男性
1521,男性
1522,男性
1523,男性
1524,男性
1525,男性
1526,男性
1527,男性
1528,男性
1529,男性
1530,男性
1531,男性
1532,男性
1533,男性
1534,男性
1535,男性
1536,男性
1537,男性
1538,男性
1539,男性
1540,男性
1541,男性
1542,男性
1543,男性
1544,男性
1545,男性
1546,男性
1547,男性
1548,男性
1549,男性
1550,男性
1551,男性
1552,男性
1553,男性
1554,男性
1555,男性
1556,男性
1557,男性
1558,男性
1559,男性
1560,男性
1561,男性
1562,男性
1563,男性
1564,男性
1565,男性
1566,男性
1567,男性
1568,男性
1569,男性
1570,男性
1571,男性
1572,男性
1573,男性
1574,男性
1575,男性
1576,男性
1577,男性
1578,男性
1579,男性
1580,男性
1581,男性
1582,男性
1583,男性
1584,男性
1585,男性
1586,男性
1587,男性
1588,男性
1589,男性
1590,男性
1591,男性
1592,男性
1593,男性
1594,男性
1595,男性
1596,男性
1597,男性
1598,男性
1599,男性
1600,男性
1601,男性
1602,男性
1603,男性
1604,男性
1605,男性
1606,男性
1607,男性
1608,男性
1609,男性
1610,男性
1611,男性
1612,男性
1613,男性
1614,男性
1615,男性
1616,男性
1617,男性
1618,男性
1619,男性
1620,男性
1621,男性
1622,男性
1623,男性
1624,男性
1625,男性
1626,男性
1627,男性
1628,男性
1629,男性
1630,男性
1631,男性
1632,男性
1633,男性
1634,男性
1635,男性
1636,男性
1637,男性
1638,男性
1639,男性
1640,男性
1641,男性
1642,男性
1643,男性
1644,男性
1645,男性
1646,男性
1647,男性
1648,男性
1649,男性
1650,男性
1651,男性
1652,男性
1653,男性
1654,男性
1655,男性
1656,男性
1657,男性
1658,男性
1659,男性
1660,男性
1661,男性
1662,男性
1663,男性
1664,男性
1665,男性
1666,男性
1667,男性
1668,男性
1669,男性
1670,男性
1671,男性
1672,男性
1673,男性
1674,男性
1675,男性
1676,男性
1677,男性
1678,男性
1679,男性
1680,男性
1681,男性
1682,男性
1683,男性
1684,男性
1685,男性
1686,男性
1687,男性
1688,男性
1689,男性
1690,男性
1691,男性
1692,男性
1693,男性
1694,男性
1695,男性
1696,男性
1697,男性
1698,男性
1699,男性
1700,男性
1701,男性
1702,男性
1703,男性
1704,男性
1705,男性
1706,男性
1707,男性
1708,男性
1709,男性
1710,男性
1711,男性
1712,男性
1713,男性
1714,男性
1715,男性
1716,男性
1717,男性
1718,男性
1719,男性
1720,男性
1721,男性
1722,男性
1723,男性
1724,男性
1725,男性
1726,男性
1727,男性
1728,男性
1729,男性
1730,男性
1731,男性
1732,男性
1733,男性
1734,男性
1735,男性
1736,男性
1737,男性
1738,男性
1739,男性
1740,男性
1741,男性
1742,男性
1743,男性
1744,男性
1745,男性
1746,男性
1747,男性
1748,男性
1749,男性
1750,男性
1751,男性
1752,男性
1753,男性
1754,男性
1755,男性
1756,男性
1757,男性
1758,男性
1759,男性
1760,男性
1761,男性
1762,男性
1763,男性
1764,男性
1765,男性
1766,男性
1767,男性
1768,男性
1769,男性
1770,男性
1771,男性
1772,男性
1773,男性
1774,男性
1775,男性
1776,男性
1777,男性
1778,男性
1779,男性
1780,男性
1781,男性
1782,男性
1783,男性
1784,男性
1785,男性
1786,男性
1787,男性
1788,男性
1789,男性
1790,男性
1791,男性
1792,男性
1793,男性
1794,男性
1795,男性
1796,男性
1797,男性
1798,男性
1799,男性
1800,男性
1801,男性
1802,男性
1803,男性
1804,男性
1805,男性
1806,男性
1807,男性
1808,男性
1809,男性
1810,男性
1811,男性
1812,男性
1813,男性
1814,男性
1815,男性
1816,男性
1817,男性
1818,男性
1819,男性
1820,男性
1821,男性
1822,男性
1823,男性
1824,男性
1825,男性
1826,男性
1827,男性
1828,男性
1829,男性
1830,男性
1831,男性
1832,男性
1833,男性
1834,男性
1835,男性
1836,男性
1837,男性
1838,男性
1839,男性
1840,男性
1841,男性
1842,男性
1843,男性
1844,男性
1845,男性
1846,男性
1847,男性
1848,男性
1849,男性
1850,男性
1851,男性
1852,男性
1853,男性
1854,男性
1855,男性
1856,男性
1857,男性
1858,男性
1859,男性
1860,男性
1861,男性
1862,男性
1863,男性
1864,男性
1865,男性
1866,男性
1867,男性
1868,男性
1869,男性
1870,男性
1871,男性
1872,男性
1873,男性
1874,男性
1875,男性
1876,男性
1877,男性
1878,男性
1879,男性
1880,男性
1881,男性
1882,男性
1883,男性
1884,男性
1885,男性
1886,男性
1887,男性
1888,男性
1889,男性
1890,男性
1891,男性
1892,男性
1893,男性
1894,男性
1895,男性
1896,男性
1897,男性
1898,男性
1899,男性
1900,男性
1901,男性
1902,男性
1903,男性
1904,男性
1905,男性
1906,男性
1907,男性
1908,男性
1909,男性
1910,男性
1911,男性
1912,男性
1913,男性
1914,男性
1915,男性
1916,男性
1917,男性
1918,男性
1919,男性
1920,男性
1921,男性
1922,男性
1923,男性
1924,男性
1925,男性
1926,男性
1927,男性
1928,男性
1929,男性
1930,男性
1931,男性
1932,男性
1933,男性
1934,男性
1935,男性
1936,男性
1937,男性
1938,男性
1939,男性
1940,男性
1941,男性
1942,男性
1943,男性
1944,男性
1945,男性
1946,男性
1947,男性
1948,男性
1949,男性
1950,男性
1951,男性
1952,男性
1953,男性
1954,男性
1955,男性
1956,男性
1957,男性
1958,男性
1959,男性
1960,男性
1961,男性
1962,男性
1963,男性
1964,男性
1965,男性
1966,男性
1967,男性
1968,男性
1969,男性
1970,男性
1971,男性
1972,男性
1973,男性
1974,男性
1975,男性
1976,男性
1977,男性
1978,男性
1979,男性
1980,男性
1981,男性
1982,男性
1983,男性
1984,男性
1985,男性
1986,男性
1987,男性
1988,男性
1989,男性
1990,男性
1991,男性
1992,男性
1993,男性
1994,男性
1995,男性
1996,男性
1997,男性
1998,男性
1999,男性
2000,男性
2001,男性
2002,男性
2003,男性
2004,男性
2005,男性
2006,男性
2007,男性
2008,男性
2009,男性
2010,男性
2011,男性
2012,男性
2013,男性
2014,男性
2015,男性
2016,男性
2017,男性
2018,男性
2019,男性
2020,男性
2021,男性
2022,男性
2023,男性
2024,男性
2025,男性
2026,男性
2027,男性
2028,男性
2029,男性
2030,男性
2031,男性
2032,男性
2033,男性
2034,男性
2035,男性
2036,男性
2037,男性
2038,男性
2039,男性
2040,男性
2041,男性
2042,男性
2043,男性
2044,男性
2045,男性
2046,男性
2047,男性
2048,男性
2049,男性
2050,男性
2051,男性
2052,男性
2053,男性
2054,男性
2055,男性
2056,男性
2057,男性
2058,男性
2059,男性
2060,男性
2061,男性
2062,男性
2063,男性
2064,男性
2065,男性
2066,男性
2067,男性
2068,男性
2069,男性
2070,男性
2071,男性
2072,男性
2073,男性
2074,男性
2075,男性
2076,男性
2077,男性
2078,男性
2079,男性
2080,男性
2081,男性
2082,男性
2083,男性
2084,男性
2085,男性
2086,男性
2087,男性
2088,男性
2089,男性
2090,男性
2091,男性
2092,男性
2093,男性
2094,男性
2095,男性
2096,男性
2097,男性
2098,男性
2099,男性
2100,男性
2101,男性
2102,男性
2103,男性
2104,男性
2105,男性
2106,男性
2107,男性
2108,男性
2109,男性
2110,男性
2111,男性
2112,男性
2113,男性
2114,男性
2115,男性
2116,男性
2117,男性
2118,男性
2119,男性
2120,男性
2121,男性
2122,男性
2123,男性
2124,男性
2125,男性
2126,男性
2127,男性
2128,男性
2129,男性
2130,男性
2131,男性
2132,男性
2133,男性
2134,男性
2135,男性
2136,男性
2137,男性
2138,男性
2139,男性
2140,男性
2141,男性
2142,男性
2143,男性
2144,男性
2145,男性
2146,男性
2147,男性
2148,男性
2149,男性
2150,男性
2151,男性
2152,男性
2153,男性
2154,男性
2155,男性
2156,男性
2157,男性
2158,男性
2159,男性
2160,男性
2161,男性
2162,男性
2163,男性
2164,男性
2165,男性
2166,男性
2167,男性
2168,男性
2169,男性
2170,男性
2171,男性
2172,男性
2173,男性
2174,男性
2175,男性
2176,男性
2177,男性
2178,男性
2179,男性
2180,男性
2181,男性
2182,男性
2183,男性
2184,男性
2185,男性
2186,男性
2187,男性
2188,男性
2189,男性
2190,男性
2191,男性
2192,男性
2193,男性
2194,男性
2195,男性
2196,男性
2197,男性
2198,男性
2199,男性
2200,男性
2201,男性
2202,男性
2203,男性
2204,男性
2205,男性
2206,男性
2207,男性
2208,男性
2209,男性
2210,男性
2211,男性
2212,男性
2213,男性
2214,男性
2215,男性
2216,男性
2217,男性
2218,男性
2219,男性
2220,男性
2221,男性
2222,男性
2223,男性
2224,男性
2225,男性
2226,男性
2227,男性
2228,男性
2229,男性
2230,男性
2231,男性
2232,男性
2233,男性
2234,男性
2235,男性
2236,男性
2237,男性
2238,男性
2239,男性
2240,男性
2241,男性
2242,男性
2243,男性
2244,男性
2245,男性
2246,男性
2247,男性
2248,男性
2249,男性
2250,男性
2251,男性
2252,男性
2253,男性
2254,男性
2255,男性
2256,男性
2257,男性
2258,男性
2259,男性
2260,男性
2261,男性
2262,男性
2263,男性
2264,男性
2265,男性
2266,男性
2267,男性
2268,男性
2269,男性
2270,男性
2271,男性
2272,男性
2273,男性
2274,男性
2275,男性
2276,男性
2277,男性
2278,男性
2279,男性
2280,男性
2281,男性
2282,男性
2283,男性
2284,男性
2285,男性
2286,男性
2287,男性
2288,男性
2289,男性
2290,男性
2291,男性
2292,男性
2293,男性
2294,男性
2295,男性
2296,男性
2297,男性
2298,男性
2299,男性
2300,男性
2301,男性
2302,男性
2303,男性
2304,男性
2305,男性
2306,男性
2307,男性
2308,男性
2309,男性
2310,男性
2311,男性
2312,男性
2313,男性
2314,男性
2315,男性
2316,男性
2317,男性
2318,男性
2319,男性
2320,男性
2321,男性
2322,男性
2323,男性
2324,男性
2325,男性
2326,男性
2327,男性
2328,男性
2329,男性
2330,男性
2331,男性
2332,男性
2333,男性
2334,男性
2335,男性
2336,男性
2337,男性
2338,男性
2339,男性
2340,男性
2341,男性
2342,男性
2343,男性
2344,男性
2345,男性
2346,男性
2347,男性
2348,男性
2349,男性
2350,男性
2351,男性
2352,男性
2353,男性
2354,男性
2355,男性
2356,男性
2357,男性
2358,男性
2359,男性
2360,男性
2361,男性
2362,男性
2363,男性
2364,男性
2365,男性
2366,男性
2367,男性
2368,男性
2369,男性
2370,男性
2371,男性
2372,男性
2373,男性
2374,男性
2375,男性
2376,男性
2377,男性
2378,男性
2379,男性
2380,男性
2381,男性
2382,男性
2383,男性
2384,男性
2385,男性
2386,男性
2387,男性
2388,男性
2389,男性
2390,男性
2391,男性
2392,男性
2393,男性
2394,男性
2395,男性
2396,男性
2397,男性
2398,男性
2399,男性
2400,男性
2401,男性
2402,男性
2403,男性
2404,男性
2405,男性
2406,男性
2407,男性
2408,男性
2409,男性
2410,男性
2411,男性
2412,男性
2413,男性
2414,男性
2415,男性
2416,男性
2417,男性
2418,男性
2419,男性
2420,男性
2421,男性
2422,男性
2423,男性
2424,男性
2425,男性
2426,男性
2427,男性
2428,男性
2429,男性
2430,男性
2431,男性
2432,男性
2433,男性
2434,男性
2435,男性
2436,男性
2437,男性
2438,男性
2439,男性
2440,男性
2441,男性
2442,男性
2443,男性
2444,男性
2445,男性
2446,男性
2447,男性
2448,男性
2449,男性
2450,男性
2451,男性
2452,男性
2453,男性
2454,男性
2455,男性
2456,男性
2457,男性
2458,男性
2459,男性
2460,男性
2461,男性
2462,男性
2463,男性
2464,男性
2465,男性
2466,男性
2467,男性
2468,男性
2469,男性
2470,男性
2471,男性
2472,男性
2473,男性
2474,男性
2475,男性
2476,男性
2477,男性
2478,男性
2479,男性
2480,男性
2481,男性
2482,男性
2483,男性
2484,男性
2485,男性
2486,男性
2487,男性
2488,男性
2489,男性
2490,男性
2491,男性
2492,男性
2493,男性
2494,男性
2495,男性
2496,男性
2497,男性
2498,男性
2499,男性
2500,男性
2501,男性
2502,男性
2503,男性
2504,男性
2505,男性
2506,男性
2507,男性
2508,男性
2509,男性
2510,男性
2511,男性
2512,男性
2513,男性
2514,男性
2515,男性
2516,男性
2517,男性
2518,男性
2519,男性
2520,男性
2521,男性
2522,男性
2523,男性
2524,男性
2525,男性
2526,男性
2527,男性
2528,男性
2529,男性
2530,男性
2531,男性
2532,男性
2533,男性
2534,男性
2535,男性
2536,男性
2537,男性
2538,男性
2539,男性
2540,男性
2541,男性
2542,男性
2543,男性
2544,男性
2545,男性
2546,男性
2547,男性
2548,男性
2549,男性
2550,男性
2551,男性
2552,男性
2553,男性
2554,男性
2555,男性
2556,男性
2557,男性
2558,男性
2559,男性
2560,男性
2561,男性
2562,男性
2563,男性
2564,男性
2565,男性
2566,男性
2567,男性
2568,男性
2569,男性
2570,男性
2571,男性
2572,男性
2573,男性
2574,男性
2575,男性
2576,男性
2577,男性
2578,男性
2579,男性
2580,男性
2581,男性
2582,男性
2583,男性
2584,男性
2585,男性
2586,男性
2587,男性
2588,男性
2589,男性
2590,男性
2591,男性
2592,男性
2593,男性
2594,男性
2595,男性
2596,男性
2597,男性
2598,男性
2599,男性
2600,男性
2601,男性
2602,男性
2603,男性
2604,男性
2605,男性
2606,男性
2607,男性
2608,男性
2609,男性
2610,男性
2611,男性
2612,男性
2613,男性
2614,男性
2615,男性
2616,男性
2617,男性
2618,男性
2619,男性
2620,男性
2621,男性
2622,男性
2623,男性
2624,男性
2625,男性
2626,男性
2627,男性
2628,男性
2629,男性
2630,男性
2631,男性
2632,男性
2633,男性
2634,男性
2635,男性
2636,男性
2637,男性
2638,男性
2639,男性
2640,男性
2641,男性
2642,男性
2643,男性
2644,男性
2645,男性
2646,男性
2647,男性
2648,男性
2649,男性
2650,男性
2651,男性
2652,男性
2653,男性
2654,男性
2655,男性
2656,男性
2657,男性
2658,男性
2659,男性
2660,男性
2661,男性
2662,男性
2663,男性
2664,男性
2665,男性
2666,男性
2667,男性
2668,男性
2669,男性
2670,男性
2671,男性
2672,男性
2673,男性
2674,男性
2675,男性
2676,男性
2677,男性
2678,男性
2679,男性
2680,男性
2681,男性
2682,男性
2683,男性
2684,男性
2685,男性
2686,男性
2687,男性
2688,男性
2689,男性
2690,男性
2691,男性
2692,男性
2693,男性
2694,男性
2695,男性
2696,男性
2697,男性
2698,男性
2699,男性
2700,男性
2701,男性
2702,男性
2703,男性
2704,男性
2705,男性
2706,男性
2707,男性
2708,男性
2709,男性
2710,男性
2711,男性
2712,男性
2713,男性
2714,男性
2715,男性
2716,男性
2717,男性
2718,男性
2719,男性
2720,男性
2721,男性
2722,男性
2723,男性
2724,男性
2725,男性
2726,男性
2727,男性
2728,男性
2729,男性
2730,男性
2731,男性
2732,男性
2733,男性
2734,男性
2735,男性
2736,男性
2737,男性
2738,男性
2739,男性
2740,男性
2741,男性
2742,男性
2743,男性
2744,男性
2745,男性
2746,男性
2747,男性
2748,男性
2749,男性
2750,男性
2751,男性
2752,男性
2753,男性
2754,男性
2755,男性
2756,男性
2757,男性
2758,男性
2759,男性
2760,男性
2761,男性
2762,男性
2763,男性
2764,男性
2765,男性
2766,男性
2767,男性
2768,男性
2769,男性
2770,男性
2771,男性
2772,男性
2773,男性
2774,男性
2775,男性
2776,男性
2777,男性
2778,男性
2779,男性
2780,男性
2781,男性
2782,男性
2783,男性
2784,男性
2785,男性
2786,男性
2787,男性
2788,男性
2789,男性
2790,男性
2791,男性
2792,男性
2793,男性
2794,男性
2795,男性
2796,男性
2797,男性
2798,男性
2799,男性
2800,男性
2801,男性
2802,男性
2803,男性
2804,男性
2805,男性
2806,男性
2807,男性
2808,男性
2809,男性
2810,男性
2811,男性
2812,男性
2813,男性
2814,男性
2815,男性
2816,男性
2817,男性
2818,男性
2819,男性
2820,男性
2821,男性
2822,男性
2823,男性
2824,男性
2825,男性
2826,男性
2827,女性
2828,男性
2829,男性
2830,男性
2831,男性
2832,男性
2833,男性
2834,男性
2835,男性
2836,男性
2837,男性
2838,男性
2839,男性
2840,男性
2841,男性
2842,男性
2843,男性
2844,男性
2845,男性
2846,男性
2847,男性
2848,男性
2849,男性
2850,男性
2851,男性
2852,男性
2853,男性
2854,男性
2855,男性
2856,男性
2857,男性
2858,男性
2859,男性
2860,男性
2861,男性
2862,男性
2863,男性
2864,男性
2865,男性
2866,男性
2867,男性
2868,男性
2869,男性
2870,男性
2871,男性
2872,男性
2873,男性
2874,男性
2875,男性
2876,男性
2877,男性
2878,男性
2879,男性
2880,男性
2881,男性
2882,男性
2883,男性
2884,男性
2885,男性
2886,男性
2887,男性
2888,男性
2889,男性
2890,男性
2891,男性
2892,男性
2893,男性
2894,男性
2895,男性
2896,男性
2897,男性
2898,男性
2899,男性
2900,男性
2901,男性
2902,男性
2903,男性
2904,男性
2905,男性
2906,男性
2907,男性
2908,男性
2909,男性
2910,男性
2911,男性
2912,男性
2913,男性
2914,男性
2915,男性
2916,男性
2917,男性
2918,男性
2919,男性
2920,男性
2921,男性
2922,男性
2923,男性
2924,男性
2925,男性
2926,男性
2927,男性
2928,男性
2929,男性
2930,男性
2931,男性
2932,男性
2933,男性
2934,男性
2935,男性
2936,男性
2937,男性
2938,男性
2939,男性
2940,男性
2941,男性
2942,男性
2943,男性
2944,男性
2945,男性
2946,男性
2947,男性
2948,男性
2949,男性
2950,男性
2951,男性
2952,男性
2953,男性
2954,男性
2955,男性
2956,男性
2957,男性
2958,男性
2959,男性
2960,男性
2961,男性
2962,男性
2963,男性
2964,男性
2965,男性
2966,男性
2967,男性
2968,男性
2969,男性
2970,男性
2971,男性
2972,男性
2973,男性
2974,男性
2975,男性
2976,男性
2977,男性
2978,男性
2979,男性
2980,男性
2981,男性
2982,男性
2983,男性
2984,男性
2985,男性
2986,男性
2987,男性
2988,男性
2989,男性
2990,男性
2991,男性
2992,男性
2993,男性
2994,男性
2995,男性
2996,男性
2997,男性
2998,男性
2999,男性
3000,男性
3001,男性
3002,男性
3003,男性
3004,男性
3005,男性
3006,男性
3007,男性
3008,男性
3009,男性
3010,男性
3011,男性
3012,男性
3013,男性
3014,男性
3015,男性
3016,男性
3017,男性
3018,男性
3019,男性
3020,男性
3021,男性
3022,男性
3023,男性
3024,男性
3025,男性
3026,男性
3027,男性
3028,男性
3029,男性
3030,男性
3031,男性
3032,男性
3033,男性
3034,男性
3035,男性
3036,男性
3037,男性
3038,男性
3039,男性
3040,男性
3041,男性
3042,男性
3043,男性
3044,男性
3045,男性
3046,男性
3047,男性
3048,男性
3049,男性
3050,男性
3051,男性
3052,男性
3053,男性
3054,男性
3055,男性
3056,男性
3057,男性
3058,男性
3059,男性
3060,男性
3061,男性
3062,男性
3063,男性
3064,男性
3065,男性
3066,男性
3067,男性
3068,男性
3069,男性
3070,男性
3071,男性
3072,男性
3073,男性
3074,男性
3075,男性
3076,男性
3077,男性
3078,男性
3079,男性
3080,男性
3081,男性
3082,男性
3083,男性
3084,男性
3085,男性
3086,男性
3087,男性
3088,男性
3089,男性
3090,男性
3091,男性
3092,男性
3093,男性
3094,男性
3095,男性
3096,男性
3097,男性
3098,男性
3099,男性
3100,男性
3101,男性
3102,男性
3103,男性
3104,男性
3105,男性
3106,男性
3107,男性
3108,男性
3109,男性
3110,男性
3111,男性
3112,男性
3113,男性
3114,男性
3115,男性
3116,男性
3117,男性
3118,男性
3119,男性
3120,男性
3121,男性
3122,男性
3123,男性
3124,男性
3125,男性
3126,男性
3127,男性
3128,男性
3129,男性
3130,男性
3131,男性
3132,男性
3133,男性
3134,男性
3135,男性
3136,男性
3137,男性
3138,男性
3139,男性
3140,男性
3141,男性
3142,男性
3143,男性
3144,男性
3145,男性
3146,男性
3147,男性
3148,男性
3149,男性
3150,男性
3151,男性
3152,男性
3153,男性
3154,男性
3155,男性
3156,男性
3157,男性
3158,男性
3159,男性
3160,男性
3161,男性
3162,男性
3163,男性
3164,男性
3165,男性
3166,男性
3167,男性
3168,男性
3169,男性
3170,男性
3171,男性
3172,男性
3173,男性
3174,男性
3175,男性
3176,男性
3177,男性
3178,男性
3179,男性
3180,男性
3181,男性
3182,男性
3183,男性
3184,男性
3185,男性
3186,男性
3187,男性
3188,男性
3189,男性
3190,男性
3191,男性
3192,男性
3193,男性
3194,男性
3195,男性
3196,男性
3197,男性
3198,男性
3199,男性
3200,男性
3201,男性
3202,男性
3203,男性
3204,男性
3205,男性
3206,男性
3207,男性
3208,男性
3209,男性
3210,男性
3211,男性
3212,男性
3213,男性
3214,男性
3215,男性
3216,男性
3217,男性
3218,男性
3219,男性
3220,男性
3221,男性
3222,男性
3223,男性
3224,男性
3225,男性
3226,男性
3227,男性
3228,男性
3229,男性
3230,男性
3231,男性
3232,男性
3233,男性
3234,男性
3235,男性
3236,男性
3237,男性
3238,男性
3239,男性
3240,男性
3241,男性
3242,男性
3243,男性
3244,男性
3245,男性
3246,男性
3247,男性
3248,男性
3249,男性
3250,男性
3251,男性
3252,男性
3253,男性
3254,男性
3255,男性
3256,男性
3257,男性
3258,男性
3259,男性
3260,男性
3261,男性
3262,男性
3263,男性
3264,男性
3265,男性
3266,男性
3267,男性
3268,男性
3269,男性
3270,男性
3271,男性
3272,男性
3273,男性
3274,男性
3275,男性
3276,男性
3277,男性
3278,男性
3279,男性
3280,男性
3281,男性
3282,男性
3283,男性
3284,男性
3285,男性
3286,男性
3287,男性
3288,男性
3289,男性
3290,男性
3291,男性
3292,男性
3293,男性
3294,男性
3295,男性
3296,男性
3297,男性
3298,男性
3299,男性
3300,男性
3301,男性
3302,男性
3303,男性
3304,男性
3305,男性
3306,男性
3307,男性
3308,男性
3309,男性
3310,男性
3311,男性
3312,男性
3313,男性
3314,男性
3315,男性
3316,男性
3317,男性
3318,男性
3319,男性
3320,男性
3321,男性
3322,男性
3323,男性
3324,男性
3325,男性
3326,男性
3327,男性
3328,男性
3329,男性
3330,男性
3331,男性
3332,男性
3333,男性
3334,男性
3335,男性
3336,男性
3337,男性
3338,男性
3339,男性
3340,男性
3341,男性
3342,男性
3343,男性
3344,男性
3345,男性
3346,男性
3347,男性
3348,男性
3349,男性
3350,男性
3351,男性
3352,男性
3353,男性
3354,男性
3355,男性
3356,男性
3357,男性
3358,男性
3359,男性
3360,男性
3361,男性
3362,男性
3363,男性
3364,男性
3365,男性
3366,男性
3367,男性
3368,男性
3369,男性
3370,男性
3371,男性
3372,男性
3373,男性
3374,男性
3375,男性
3376,男性
3377,男性
3378,男性
3379,男性
3380,男性
3381,男性
3382,男性
3383,男性
3384,男性
3385,男性
3386,男性
3387,男性
3388,男性
3389,男性
3390,男性
3391,男性
3392,男性
3393,男性
3394,男性
3395,男性
3396,男性
3397,男性
3398,男性
3399,男性
3400,男性
3401,男性
3402,男性
3403,男性
3404,男性
3405,男性
3406,男性
3407,男性
3408,男性
3409,男性
3410,男性
3411,男性
3412,男性
3413,男性
3414,男性
3415,男性
3416,男性
3417,男性
3418,男性
3419,男性
3420,男性
3421,男性
3422,男性
3423,男性
3424,男性
3425,男性
3426,男性
3427,男性
3428,男性
3429,男性
3430,男性
3431,男性
3432,男性
3433,男性
3434,男性
3435,男性
3436,男性
3437,男性
3438,男性
3439,男性
3440,男性
3441,男性
3442,男性
3443,男性
3444,男性
3445,男性
3446,男性
3447,男性
3448,男性
3449,男性
3450,男性
3451,男性
3452,男性
3453,男性
3454,男性
3455,男性
3456,男性
3457,男性
3458,男性
3459,男性
3460,男性
3461,男性
3462,男性
3463,男性
3464,男性
3465,男性
3466,男性
3467,男性
3468,男性
3469,男性
3470,男性
3471,男性
3472,男性
3473,男性
3474,男性
3475,男性
3476,男性
3477,男性
3478,男性
3479,男性
3480,男性
3481,男性
3482,男性
3483,男性
3484,男性
3485,男性
3486,男性
3487,男性
3488,男性
3489,男性
3490,男性
3491,男性
3492,男性
3493,男性
3494,男性
3495,男性
3496,男性
3497,男性
3498,男性
3499,男性
3500,男性
3501,男性
3502,男性
3503,男性
3504,男性
3505,男性
3506,男性
3507,男性
3508,男性
3509,男性
3510,男性
3511,男性
3512,男性
3513,男性
3514,男性
3515,男性
3516,男性
3517,男性
3518,男性
3519,男性
3520,男性
3521,男性
3522,男性
3523,男性
3524,男性
3525,男性
3526,男性
3527,男性
3528,男性
3529,男性
3530,男性
3531,男性
3532,男性
3533,男性
3534,男性
3535,男性
3536,男性
3537,男性
3538,男性
3539,男性
3540,男性
3541,男性
3542,男性
3543,男性
3544,男性
3545,男性
3546,男性
3547,男性
3548,男性
3549,男性
3550,男性
3551,男性
3552,男性
3553,男性
3554,男性
3555,男性
3556,男性
3557,男性
3558,男性
3559,男性
3560,男性
3561,男性
3562,男性
3563,男性
3564,男性
3565,男性
3566,男性
3567,男性
3568,男性
3569,男性
3570,男性
3571,男性
3572,男性
3573,男性
3574,男性
3575,男性
3576,男性
3577,男性
3578,男性
3579,男性
3580,男性
3581,男性
3582,男性
3583,男性
3584,男性
3585,男性
3586,男性
3587,男性
3588,男性
3589,男性
3590,男性
3591,男性
3592,男性
3593,男性
3594,男性
3595,男性
3596,男性
3597,男性
3598,男性
3599,男性
3600,男性
3601,男性
3602,男性
3603,男性
3604,男性
3605,男性
3606,男性
3607,男性
3608,男性
3609,男性
3610,男性
3611,男性
3612,男性
3613,男性
3614,男性
3615,男性
3616,男性
3617,男性
3618,男性
3619,男性
3620,男性
3621,男性
3622,男性
3623,男性
3624,男性
3625,男性
3626,男性
3627,男性
3628,男性
3629,男性
3630,男性
3631,男性
3632,男性
3633,男性
3634,男性
3635,男性
3636,男性
3637,男性
3638,男性
3639,男性
3640,男性
3641,男性
3642,男性
3643,男性
3644,男性
3645,男性
3646,男性
3647,男性
3648,男性
3649,男性
3650,男性
3651,男性
3652,男性
3653,男性
3654,男性
3655,男性
3656,男性
3657,男性
3658,男性
3659,男性
3660,男性
3661,男性
3662,男性
3663,男性
3664,男性
3665,男性
3666,男性
3667,男性
3668,男性
3669,男性
3670,男性
3671,男性
3672,男性
3673,男性
3674,男性
3675,男性
3676,男性
3677,男性
3678,男性
3679,男性
3680,男性
3681,男性
3682,男性
3683,男性
3684,男性
3685,男性
3686,男性
3687,男性
3688,男性
3689,男性
3690,男性
3691,男性
3692,男性
3693,男性
3694,男性
3695,男性
3696,男性
3697,男性
3698,男性
3699,男性
3700,男性
3701,男性
3702,男性
3703,男性
3704,男性
3705,男性
3706,男性
3707,男性
3708,男性
3709,男性
3710,男性
3711,男性
3712,男性
3713,男性
3714,男性
3715,男性
3716,男性
3717,男性
3718,男性
3719,男性
3720,男性
3721,男性
3722,男性
3723,男性
3724,男性
3725,男性
3726,男性
3727,男性
3728,男性
3729,男性
3730,男性
3731,男性
3732,男性
3733,男性
3734,男性
3735,男性
3736,男性
3737,男性
3738,男性
3739,男性
3740,男性
3741,男性
3742,男性
3743,男性
3744,男性
3745,男性
3746,男性
3747,男性
3748,男性
3749,男性
3750,男性
3751,男性
3752,男性
3753,男性
3754,男性
3755,男性
3756,男性
3757,男性
3758,男性
3759,男性
3760,男性
3761,男性
3762,男性
3763,男性
3764,男性
3765,男性
3766,男性
3767,男性
3768,男性
3769,男性
3770,男性
3771,男性
3772,男性
3773,男性
3774,男性
3775,男性
3776,男性
3777,男性
3778,男性
3779,男性
3780,男性
3781,男性
3782,男性
3783,男性
3784,男性
3785,男性
3786,男性
3787,男性
3788,男性
3789,男性
3790,男性
3791,男性
3792,男性
3793,男性
3794,男性
3795,男性
3796,男性
3797,男性
3798,男性
3799,男性
3800,男性
3801,男性
3802,男性
3803,男性
3804,男性
3805,男性
3806,男性
3807,男性
3808,男性
3809,男性
3810,男性
3811,男性
3812,男性
3813,男性
3814,男性
3815,男性
3816,男性
3817,男性
3818,男性
3819,男性
3820,男性
3821,男性
3822,男性
3823,男性
3824,男性
3825,男性
3826,男性
3827,男性
3828,男性
3829,男性
3830,男性
3831,男性
3832,男性
3833,男性
3834,男性
3835,男性
3836,男性
3837,男性
3838,男性
3839,男性
3840,男性
3841,男性
3842,男性
3843,男性
3844,男性
3845,男性
3846,男性
3847,男性
3848,男性
3849,男性
3850,男性
3851,男性
3852,男性
3853,男性
3854,男性
3855,男性
3856,男性
3857,男性
3858,男性
3859,男性
3860,男性
3861,男性
3862,男性
3863,男性
3864,男性
3865,男性
3866,男性
3867,男性
3868,男性
3869,男性
3870,男性
3871,男性
3872,男性
3873,男性
3874,男性
3875,男性
3876,男性
3877,男性
3878,男性
3879,男性
3880,男性
3881,男性
3882,男性
3883,男性
3884,男性
3885,男性
3886,男性
3887,男性
3888,男性
3889,男性
3890,男性
3891,男性
3892,男性
3893,男性
3894,男性
3895,男性
3896,男性
3897,男性
3898,男性
3899,男性
3900,男性
3901,男性
3902,男性
3903,男性
3904,男性
3905,男性
3906,男性
3907,男性
3908,男性
3909,男性
3910,男性
3911,男性
3912,男性
3913,男性
3914,男性
3915,男性
3916,男性
3917,男性
3918,男性
3919,男性
3920,男性
3921,男性
3922,男性
3923,男性
3924,男性
3925,男性
3926,男性
3927,男性
3928,男性
3929,男性
3930,男性
3931,男性
3932,男性
3933,男性
3934,男性
3935,男性
3936,男性
3937,男性
3938,男性
3939,男性
3940,男性
3941,男性
3942,男性
3943,男性
3944,男性
3945,男性
3946,男性
3947,男性
3948,男性
3949,男性
3950,男性
3951,男性
3952,男性
3953,男性
3954,男性
3955,男性
3956,男性
3957,男性
3958,男性
3959,男性
3960,男性
3961,男性
3962,男性
3963,男性
3964,男性
3965,男性
3966,男性
3967,男性
3968,男性
3969,男性
3970,男性
3971,男性
3972,男性
3973,男性
3974,男性
3975,男性
3976,男性
3977,男性
3978,男性
3979,男性
3980,男性
3981,男性
3982,男性
3983,男性
3984,男性
3985,男性
3986,男性
3987,男性
3988,男性
3989,男性
3990,男性
3991,男性
3992,男性
3993,男性
3994,男性
3995,男性
3996,男性
3997,男性
3998,男性
3999,男性
4000,男性
4001,男性
4002,男性
4003,男性
4004,男性
4005,男性
4006,男性
4007,男性
4008,男性
4009,男性
4010,男性
4011,男性
4012,男性
4013,男性
4014,男性
4015,男性
4016,男性
4017,男性
4018,男性
4019,男性
4020,男性
4021,男性
4022,男性
4023,男性
4024,男性
4025,男性
4026,男性
4027,男性
4028,男性
4029,男性
4030,男性
4031,男性
4032,男性
4033,男性
4034,男性
4035,男性
4036,男性
4037,男性
4038,男性
4039,男性
4040,男性
4041,男性
4042,男性
4043,男性
4044,男性
4045,男性
4046,男性
4047,男性
4048,男性
4049,男性
4050,男性
4051,男性
4052,男性
4053,男性
4054,男性
4055,男性
4056,男性
4057,男性
4058,男性
4059,男性
4060,男性
4061,男性
4062,男性
4063,男性
4064,男性
4065,男性
4066,男性
4067,男性
4068,男性
4069,男性
4070,男性
4071,男性
4072,男性
4073,男性
4074,男性
4075,男性
4076,男性
4077,男性
4078,男性
4079,男性
4080,男性
4081,男性
4082,男性
4083,男性
4084,男性
4085,男性
4086,男性
4087,男性
4088,男性
4089,男性
4090,男性
4091,男性
4092,男性
4093,男性
